,text,color,size,position,time,sn,userid
0,è¬è¬å·´å“ˆå¤§å“¥,#FFFFFF,1,0,0,37089407,s970446
1,ç¬¬ä¸€æ¬¡,#FFFFFF,1,0,0,39557840,wex690825
2,0.0,#FFFFFF,1,0,0,40729192,z80262001
3,è€¶,#FFFFFF,1,0,0,41875955,ouyang318
4,äºŒåˆ·,#FFFFFF,1,0,0,42903755,qaz1210731
5,å°å…§å¸¶æˆ‘ä¾†çœ‹çš„WW,#FF0026,2,2,3,42305498,Q224957470
6,ç°½,#FF9496,1,0,5,40538692,elisa0318
7,å‰ä¾å¥½å¯æ„›,#FFFFFF,1,0,5,40580321,KingOrange69
8,å“ˆå˜,#FFFFFF,1,0,5,40657118,rwan123
9,ç°½,#FFFFFF,1,0,5,41446388,nehsh101
10,1,#FFFFFF,1,0,5,42235007,zxc520031
11,å€‹,#FFFFFF,1,0,5,42576215,d3498115
12,åƒ,#FFFFFF,1,0,6,43809180,pikachiuweii
13,é çœŸçš„å¥½å¯æ„›,#FFFFFF,1,0,10,38700844,milkppt
14,ç°½,#FF0026,1,0,15,42812053,Ceadda127
15,å¥½å¯æ„›å•ŠðŸ˜,#FFFFFF,2,0,15,43532304,bellaliu1230
16,å…„å¼Ÿå€‘ æˆ‘ä¾†äº†ï¼,#FFFFFF,1,0,16,42125192,good78221125
17,ç°½,#FFFFFF,1,0,19,42456696,Rei9488
18,å·´å“ˆæˆ‘å¤§å“¥ è¬è¬ æˆ‘å¯ä»¥è£œå‰é¢çš„äº†,#FFFFFF,1,0,20,37223278,mcgr490
19,å·´å“ˆæˆ‘å…„å¼Ÿ,#FFFFFF,1,0,21,37097711,stknight410
20,ç¸½é»žé–±æ•¸åƒè¬äº†ï¼Œä»€éº¼æ™‚å€™å‡ºä¸­æ–‡çºŒé›†QAQ,#FFFFFF,1,0,23,41862583,IONCHIPS
21,æˆ‘æ€Žéº¼å¯èƒ½æœƒè¼¸çµ¦å‰ä¼Šå¡å“‡,#A7FE39,1,1,23,42523886,sunny254ww
22,å·´å“ˆæˆ‘å¤§å“¥,#FFFFFF,1,0,24,37399442,gemmalinn
23,å…„å¼Ÿ,#FFFFFF,1,0,25,37090866,k246836
24,ðŸ˜†,#FFFFFF,1,0,25,37543537,a59875987
25,å…„å¼Ÿ,#FFFFFF,1,0,25,39165765,coolmus64
26,é€™çœŸçš„è¶…å¯æ„›,#FFFFFF,1,0,25,41891414,bubble0315
27,å¥½å¯æ„›,#FFFFFF,1,0,25,43842076,jerry990126
28,å¥½æ£’å–”  è¬è¬å·´å“ˆ,#FFFFFF,1,0,28,37092222,kifar13
29,é€™éƒ¨å¾ˆæ²»ç™’ ä¹Ÿæœ‰ä¸€äº›ææ€–çš„ç´°ç¯€,#FF9496,2,0,30,42780785,kkjt1030
30,å¯æ„›,#FFFFFF,1,0,34,42096407,smile10101
31,æ„Ÿè¬å‹•ç•«ç˜‹ï¼,#FFFFFF,1,0,35,37089028,cathykao1015
32,1130611,#FFFFFF,1,0,35,39908396,Cute710
33,é«”æ„Ÿä¸€åˆ†é˜ç¬‘çˆ†....XD,#FFFFFF,1,0,40,40543483,ncbob
34,å…„å¼Ÿï¼Œä½ å¥½é¦™,#FF0026,2,0,41,39378627,BHSN000058k3
35,20240227ç°½,#FFFFFF,1,0,42,38175989,Mishanecron
36,ç°½,#FFFFFF,1,0,44,42661483,m617007
37,è¬è¬å·´å“ˆå¤§å“¥,#FFFFFF,1,0,47,41916318,zero77716
38,å·´å“ˆæˆ‘å¤§å“¥å•Šå•Šå•Šå•Šå•Š,#FFFFFF,1,0,50,37116180,iorimo0u0
39,æ­¥å¥è›¤æ¯åŒ è–‘ï½žï½žï½žðŸ¤ªæˆ‘è·‘éŒ¯æ£šäº†,#FFFFFF,1,0,50,37193568,mfabc
40,å…„å¼Ÿâ€¦,#FFFFFF,1,0,50,38425610,zzxcc132465
41,ç°½,#FFFFFF,1,0,58,38369474,hongyouc01
42,ç°½,#FFFFFF,1,0,58,39493795,cyc1313
43,ç°½ï¼,#FFFFFF,1,0,58,41720550,Angrypig0212
44,äºŒåˆ·,#FFFFFF,1,0,59,44529553,st5109185
45,äº”åˆ·,#FFFFFF,2,0,62,37116008,kerrypeng62
46,å‘€ï½žï½žï½žè€¶,#FFFFFF,1,0,62,37846538,brianbon
47,ä½ çŸ¥é“æˆ‘è¦èªªä»€éº¼ã€‚(gif,#FFFFFF,1,0,65,37598411,ray030716
48,2024/7/3ç°½:D,#B538FA,1,0,65,40289891,Noisyfish
49,ç˜¦ç‰ˆçƒè–©å¥‡,#FFFFFF,1,0,65,42597745,loenyen73
50,ä¼Šå‘€å“ˆï½ž,#FFFFFF,1,0,70,37106233,blight0710
51,è¶…ä¸‰å°,#FFFFFF,1,0,70,41651190,kevinlin5220
52,å…”å…”,#FFFFFF,1,0,71,37141334,marux3
53,å…„å¼Ÿï¼Œä½ é¦™,#FFFFFF,1,0,73,39173954,hoen0531
54,å…„å¼Ÿ...,#FFFFFF,1,0,75,38588475,hauch000727
55,é€™æ™‚å€™è²å„ªé‚„å¾ˆå…‹åˆ¶å‘¢ï¼Œå¯æ„›å¯æ„›çš„ï¼Œå¾Œé¢å°±,#FFFFFF,1,0,76,41948239,Euphie617
56,30ç§’å»£å‘Š é€²ä¾†çœ‹1åˆ†é˜:ï¼‰,#FFFFFF,1,2,80,38930758,s2p7hc2r9g
57,ç°½,#FFFFFF,1,0,80,42439437,JiaRui0719
58,å…„å¼Ÿ,#FFFFFF,1,0,81,41531892,mken
59,å…„å¼Ÿ,#FFFFFF,1,0,83,37690420,j0908552602
60,é˜ªæ€¥é›»éµæœ‰æ­åˆ°,#FF9625,1,0,85,38108219,erichuang80s
61,è®šè®š,#FDE53D,2,0,85,43843894,Mia1020214
62,ç¬¬ä¸€æ¬¡çœ‹å‹•ç•«,#FFFFFF,1,0,86,41514906,z7957309
63,å…„å¼Ÿ...å…„å¼Ÿ...,#FFFFFF,1,0,87,37089556,as22768221
64,å‘€å“ˆ,#FFFFFF,1,0,87,42160399,fe6793
65,å…”å­çŽ©å¾—é‚£éº¼é–‹å¿ƒï¼Œæˆ‘è½äº†ä¹Ÿå¥½é–‹å¿ƒ,#FDE53D,1,0,88,41712600,DKLin0218
66,å·´å“ˆæˆ‘å¤§å“¥å•Šå•Šå•Šå•Šå•Šå•Šï¼å‘€ï½žï½žï½žï½žå“ˆï½žï½ž,#00C3FC,1,0,90,37320818,cutez77
67,ç‹—éƒ½ä¸çœ‹,#FFFFFF,1,0,90,41733877,Kaitien1
68,æˆ‘ä¹Ÿæƒ³ä¸ŠåŽ»å½ˆè·³XD!!!!,#FFFFFF,1,0,93,37090008,akarimez
69,20250203,#FFFFFF,1,0,93,43750059,s0813707
70,æ€Žéº¼å¯ä»¥é‚£éº¼å¯æ„›,#FFFFFF,1,1,95,37836304,mia10110060
71,å¥½å¥½åƒçš„æ„Ÿè¦º,#FF9496,1,0,95,39963271,haru15
72,æˆ‘æ²’äº†,#FFFFFF,1,0,95,41584015,momoja0405
73,å¯æ„›æ­»,#FFFFFF,1,0,95,44179848,g840483938
74,å’¿å‘€å“ˆ,#FFFFFF,1,0,97,37089017,xrayxrayxray
75,ç°½,#FFFFFF,1,0,97,41939951,g1080109
76,å¥½ç™²æˆ‘å–œæ­¡,#FFFFFF,1,0,98,40277813,s06578
77,é€™ä¹Ÿå¤ªçµ²æ»‘,#FFFFFF,1,0,98,44056626,WWW924051
78,å‘€,#FFFFFF,1,0,100,42386189,UwUsb924549
79,äºŒåˆ·,#FFFFFF,1,0,101,43860125,inspiration9
80,ç°½,#FFFFFF,1,0,105,40784961,yu2501171025
81,ç¾Šç²‘ç²‘,#FFFFFF,1,0,105,44235094,K941119
82,ï¼ï¼ï¼,#FFFFFF,2,0,106,42505502,pink20111129
83,24ï¼7ï¼18 ä¸€åˆ·,#0036FA,2,2,109,40649740,xgu3771
84,å‘€å“ˆï¼,#FDE53D,2,1,112,44403849,wunuynuy
85,å¯ä»¥è¶…æ­»ä½ å—Ž,#FFFFFF,1,0,114,43353570,ddmo1017017
86,å¥½å¯æ„›,#FFFFFF,1,0,114,44529401,st5109185
87,å•Šå•Šå•Šå•Šå•Šå•Š å¥½å¯æ„›,#FF0026,1,0,115,41104639,zzx0914
88,è¶…æ„›å°å…«,#FFFFFF,1,0,115,42722940,g57z2p9hz8
89,å¥½å¯æ„›R,#FFFFFF,1,0,116,37255874,orpeter2266
90,é€™å€‹YA~çš„é…éŸ³ä¹Ÿå¤ªå¥½ç¬‘ðŸ¤£,#FFFFFF,1,0,116,40913696,sasujiya0214
91,å·´å“ˆæˆ‘å¤§å“¥,#FFFFFF,1,0,117,39327143,a4090851206
92,.,#FFFFFF,1,0,118,43528987,q3882222
93,å…”å“¥å¨æ­¦,#FFFFFF,1,0,120,37088992,svn77
94,æˆ‘å¥½åƒæœ‰å‰ä¼Šå¡å“‡æ­£ç‰ˆå°å¨ƒå¨ƒ,#FF02D3,2,0,121,41338198,qdi201716
95,å‰ä¼Šå€¼å¾—ä½ å„²å€¼ä»˜è²»,#FF9625,2,2,124,41569792,kmc41891
96,å…„å¼Ÿâ€¦ä½ å¥½é¦™,#00C3FC,1,0,125,39026504,BHSN00004rpu
97,æˆªåœ–ç•¶æ¡Œå¸ƒ,#FFFFFF,1,0,125,40271962,Bananaaa
98,åˆ¥æ€•30ç§’å»£å‘Šï¼Œå› ç‚ºä½ æœƒä¸€ç›´é‡æ’­çœ‹1å°æ™‚,#FF9625,1,0,125,41712632,DKLin0218
99,æŒ–å“­æŒ–å“­,#FFFFFF,2,1,125,41820652,terryc92
100,å…„å¼Ÿ...,#FFFFFF,1,0,126,38724243,Tt97011
101,çƒè–©å¥‡æˆ‘å¤§å…”å“¥,#FFFFFF,1,0,128,37923685,fkps9450432
102,å…„å¼Ÿä½ å¥½é¦™,#FFFFFF,1,0,129,37912075,thffhrherh5
103,æˆ‘æ˜¯å…”åª½å’ª,#FDE53D,2,2,129,42400432,yjyjyyjj
104,å—¨,#FFFFFF,1,0,129,42530942,Wufun123
105,ä¸‰å°,#FFFFFF,1,0,130,37130234,ryan950623
106,å¥½å¯æ„›,#FFFFFF,1,0,130,42719189,opendassh
107,8,#FFFFFF,1,0,133,44529558,st5109185
108,å…„å¼Ÿ,#FFFFFF,1,0,135,37905019,Liny37723
109,è²·äº†æœƒå“¡çœ‹ä¸äº†å»£å‘Šå‘¢,#FF0026,1,2,135,39669980,skfq99492p
110,å—šå•¦ å—šå•¦ å—šå•¦,#FFFFFF,2,2,135,40035961,egggg0720
111,å¯æ„›ï¼,#FFFFFF,1,0,135,42832226,wwww98347
112,å·´å“ˆæˆ‘å¤§å“¥,#FFFFFF,1,0,140,40226966,rc20081109
113,æˆ‘å¯ä»¥é‡è¤‡Næ¬¡,#FFFFFF,1,0,144,42655630,Euphie617
114,å…„å¼Ÿï¼Œå€Ÿæ“ä¸€ä¸‹,#FFFFFF,1,0,145,37886110,hifuminagisa
115,å¥½å¯æ„›,#FF9496,2,0,148,42344679,QAQ108017
116,å—šå•¦,#FFFFFF,1,0,151,41817353,cjad20010827
117,å¥½å¯æ„›,#FF9496,1,0,152,42649121,paz76823361
118,å…„å¼Ÿè½‰å€‹èº«,#FFFFFF,2,0,155,38197027,Dd090527
119,ç™¼ç¾æ‰1åˆ†å¤šé˜å»è¦çœ‹30ç§’å»£å‘Šï¼Œç›´æŽ¥è²·ä»˜è²»:D,#FF9496,2,2,155,41472799,koorishin
120,çƒ,#FFFFFF,1,0,155,43754902,s1080025
121,å¥½å¯æ„›å“¦ðŸ˜ðŸ¥°ðŸ¥°,#FF0026,1,0,155,44501388,aliny54689
122,é«”æ„Ÿä¸€åˆ†é˜,#FFFFFF,1,0,159,40792176,aaazxc348481
123,æ³°å¯æ„›è¾£!,#FF0026,2,0,160,43489018,tariuang
124,å¼·çƒˆå»ºè­°è²·æœƒå“¡ï¼ï¼ï¼,#FDE53D,1,0,160,43991692,sy09871601
125,å…„å¼Ÿä½ å¥½é¦™,#FFFFFF,1,0,162,39629298,Shsjwi
126,å°å¯æ„›ç™»å ´ï¼,#FF0026,2,0,165,41104654,zzx0914
127,è¶…å¯æ„›///////////////////,#FFFFFF,1,0,168,37088925,akarimez
128,30ç§’çš„å»£å‘Šçœ‹ä¸€åˆ†åŠçš„å°å…«.,#FFFFFF,1,0,172,37090126,murphyhu0219
129,è›¤,#FFFFFF,1,0,173,42646453,eric200571
130,2024/11/28 äºŒåˆ· æ±‚æ›´æ–°,#FFFFFF,0,0,175,42913488,aids123die
131,ä½ å¥½å¯æ„›å•ŠðŸ¥¹,#FFFFFF,1,0,176,39508940,amandalin607
132,å¥½å¯å“€,#FFFFFF,1,0,176,42513019,wugu10416
133,å…„å¼Ÿ åƒçµ±ä¸€å¸ƒä¸å›‰,#FFFFFF,1,0,177,39288033,Nakobalala
134,é–‹é ­å°±çŽ©é£Ÿç‰©,#FFFFFF,1,0,179,43844028,egriawei
135,è¶…å¯æ„›,#FFFFFF,1,0,179,44179850,g840483938
136,å¥½å¥½çœ‹å•Šï¼,#FFFFFF,1,0,184,44456224,nxjhcfynvq
137,å•Šå•Šå•Šè¶…å¯æ„› æˆ‘æ²’äº†///,#FFFFFF,1,0,185,37106243,blight0710
138,è½èªªè¾±è¯äº† ä¾†çœ‹çœ‹æ˜¯ä»€éº¼ç¥žä½œ,#FFFFFF,1,0,185,38868903,IamBongu0626
139,å…„å¼Ÿ,#FFFFFF,1,0,186,37249637,designer22
140,ç°½,#FFFFFF,1,0,188,42532155,rosa0812
141,å¥½èŒå–”,#FFFFFF,1,0,191,43650216,annana566
142,å…„å¼Ÿ....,#FFFFFF,1,0,192,40389980,llennskadi
143,å‘€!!!!,#FFFFFF,1,0,193,41946183,Onandoff
144,å…„å¼Ÿâ€¦,#FFFFFF,1,0,195,37292990,enjoyuting
145,ç‚ºäº†çœ‹ å…„å¼Ÿï¼Œä½ å¥½é¦™ è²·æœƒå“¡,#FFFFFF,1,0,197,41802021,a24060535
146,å…„å¼Ÿ è½‰èº« æœ‰æ€¥äº‹,#FFFFFF,1,0,198,38904909,Isjskana
147,æˆ‘çš„å‰ä¼Šå®å®ï¼ï¼,#FFFFFF,1,0,200,39826739,IIJiYi107
148,å¥½å¯æ„›ï¼ï¼ï¼ï¼,#FF0026,2,0,200,43658861,qwq1204
149,é€™ä¸‰å°,#FFFFFF,1,0,201,41353244,BHSN00002kht
150,å…„å¼Ÿ ä½ å¥½æœ‰å‘³é“,#FFFFFF,1,0,201,41924853,hhhh8514
151,å‰å“‡,#FF0026,1,0,208,41386750,redskycity
152,å…„å¼Ÿæœ‰æ€¥äº‹,#FFFFFF,1,0,210,38771376,Steven1226
153,çƒè–©å¥‡æˆ‘å¯¶è²,#FFFFFF,1,0,210,38905005,n1073219
154,å…„å¼Ÿä½ å¥½é¦™,#FF0026,2,2,210,41495379,n5gh98vz4n
155,é€™ä¸‰å°,#FF0026,2,1,215,38403282,smoonzz
156,å¥½å¯æ„›å•Šå¤©,#FFFFFF,1,0,215,42318674,wxiaomei945
157,å¸ƒä¸å…”å…”ï¼ï¼ï¼,#FDE53D,1,0,220,38517823,linliyan6008
158,é»é»é»,#FFFFFF,1,0,220,40271970,Bananaaa
159,å•Šå•Šå•Šå¯æ„›,#FF02D3,1,0,220,42925458,angel1joanne
160,æˆ‘ç¬¬ä¸€æ¬¡çœ‹,#FFFFFF,1,0,221,41164994,tsubakilee
161,é«”æ„Ÿä¸€åˆ†é˜WWW,#FFFFFF,1,0,221,41597794,nico7214034
162,å¥½å¯æ„›å–”,#FFFFFF,1,0,223,37089664,torappub70
163,çœ‹å·´å“ˆé‚£éº¼ä¹… ç«Ÿç„¶æ˜¯å› ç‚ºå‰ä¼Šå¡å“‡èª²é‡‘,#FFFFFF,1,0,225,42426973,Roubert
164,ç¬¬ä¸€æ¬¡åœ¨å·´å“ˆèª²é‡‘å°±ç‚ºäº†å‰ä¼Šå¡å“‡,#FFFFFF,1,0,225,43478064,ch0922
165,æ± æ²¼å¸ƒä¸,#FF9625,2,1,235,37097163,w3616327
166,æˆ‘æ˜¯æ–°ç²‰ðŸ¤¡ðŸ¤¡,#FFFFFF,1,0,235,42318680,wxiaomei945
167,å¥½å¯æ„›ðŸ˜ðŸ˜,#FFFFFF,1,0,236,41012224,kaito0621
168,å¹¹æˆ‘è·Ÿæˆ‘åŒå­¸ww,#FFFFFF,1,0,240,37884243,c107049
169,é¦–åˆ· æ©ŸçŽ‡ä¸‹ 2024/9/1,#FFFFFF,1,0,240,41578076,S1104930830
170,å…„å¼Ÿï¼Œä½ å¥½é¦™( ã€‚á»› â‚ƒá»)Ú¾,#FFFFFF,1,0,246,42323685,gndr1798
171,å…„å¼Ÿæ“æˆ‘,#00FF91,2,0,247,37385442,iowabb61
172,å¡å“‡,#FFFFFF,1,0,249,37090109,kodgreen59
173,çƒæ‹‰,#FFFFFF,1,0,250,37088965,hettt5655
174,å…„å¼Ÿ ä½ å¥½é¦™,#FFFFFF,2,0,252,37590354,C8763jason
175,æœ€æ„›å…”å“¥çƒè–©å¥‡,#FFFFFF,1,0,252,41204719,jessie78327
176,æ™´ç©ºå¡”æœ‰çœ‹åˆ°é€™æ®µ,#FFFFFF,1,0,258,37105528,mu317666
177,"æœ‰äººåœ¨å—Žå˜‰ç¾©

æœ‰äººåœ¨å—Ž+1",#FFFFFF,1,0,259,41165004,tsubakilee
178,æˆ‘å°±ä¾†çœ‹çœ‹ä»–åœ¨ç´…ä»€éº¼,#FFFFFF,1,0,260,41587998,Yan705
179,ç‚ºä»€éº¼æœƒæœ‰HOMOç™¼è¨€å•Šï¼,#FFFFFF,1,0,262,38747311,HeyMeow
180,å…„å¼Ÿä½ å¥½é¦™,#FFFFFF,1,0,265,37200055,BHSN00005180
181,äº’èˆ”å°±æ˜¯å¦å¤–çš„åˆ†é¡žäº†,#FFFFFF,1,0,267,39361498,TAITAN
182,å¯æ„›,#00C3FC,1,0,267,40894454,kekerry75
183,2024/8/26ä¸€åˆ·,#FFFFFF,1,0,267,41455922,cupid005
184,å…„å¼Ÿä½ å¥½é¦™XD,#FFFFFF,1,0,275,42218642,Jing54017
185,å…„å¼Ÿ,#FFFFFF,1,0,284,38507836,badkin
186,ç‚ºäº†å‰ä¼Šæˆ‘è„«é›¢ç•¶å…è²»ä»”,#FF0026,2,2,285,41698846,Lancelot1204
187,å•Šå•Šå•Šå•Šå•Šå¥½å¯æ„›,#FF0026,1,0,285,43658863,qwq1204
188,å¥½å¯æ„›ï½ž^â€†_â€†^ðŸ˜,#FFFFFF,1,0,290,44530212,a8962189
189,å¥½å¯æ„›ðŸ« ,#FFFFFF,1,0,291,39717927,Sonnun
190,å’¦å‘€ï¼ï¼ï¼ï¼ï¼,#FFFFFF,1,0,294,39156757,jnini107040
191,åœ¨çš„èªªè©±,#FFFFFF,1,0,295,43843903,Mia1020214
192,å•Šï½žï½žï½ž,#FFFFFF,1,0,296,43574718,kevinerrt098
193,^^,#FFFFFF,1,0,298,43535454,dozwang
194,???,#FFFFFF,1,0,299,39987834,karta2194512
195,å°å¯¶å¯¶å€‘ËŠ///Ë‹,#FFFFFF,1,0,303,37090112,kodgreen59
196,é€™éš»é»ƒè‰²çš„å¥½æ¬ æ‰“,#FFFFFF,1,0,307,39310541,a631003
197,æœ€æ„›å…”å“¥çƒè–©å¥‡>///<,#FFFFFF,1,0,307,41204730,jessie78327
198,å—…å—…,#FFFFFF,1,0,309,37846552,brianbon
199,æµ·å—¨å—¨å—¨å—¨ðŸ‘ðŸ‘ðŸ‘ðŸ‘ðŸ‘,#00C3FC,1,0,315,42633677,yzf8rvkgnk
200,å…”å­è¶…ã„æ­ª,#FFFFFF,1,0,316,37182596,rockman73
201,çƒè–©å¥‡å¯¶è²,#FFFFFF,1,0,323,44529406,st5109185
202,å¥½å¯æ„›,#FFFFFF,1,0,324,38508089,Furabbit
203,æ„Ÿè¦ºè¶…é»è¸¢è¸¢çš„,#FFFFFF,1,0,325,38219587,keroro9987
204,åœ¨å¹¹å˜›,#00FF91,1,0,325,41977362,Alice5555
205,å‰å…«,#FFFFFF,2,0,325,43824367,NOSAJJASON
206,çœ‹èµ·ä¾†å¾ˆå¥½åƒ,#FFFFFF,1,0,329,43200774,amy20130605
207,å‘€ï½žï½žï½ž,#FFFFFF,1,0,332,39926073,kg147369
208,å…„å¼Ÿ ä½ å¥½é¦™é˜¿,#FFFFFF,1,0,332,42273064,q8882020
209,å¥½å¯æ„›,#FFFFFF,1,0,334,42109022,alerub
210,å¯æƒ¡ æˆ‘å±…ç„¶ç‚ºäº†å‰ä¼Šå¡å“‡èª²é‡‘,#FF0026,1,2,335,41989040,fly410149
211,æœ€å–œæ­¡çƒè–©å¥‡+1ï½žï½žï½ž,#FFFFFF,1,0,335,44131268,tina117
212,å…„å¼Ÿ ä½ å¥½ç”œ,#FFFFFF,1,0,340,37912085,thffhrherh5
213,æƒ³åƒé¬†é¤…,#FFFFFF,1,0,342,38798408,shadow121010
214,å»£å‘Šæ¯”å½±ç‰‡ä¹…XD,#FFFFFF,1,0,342,43809188,pikachiuweii
215,???,#FFFFFF,1,0,344,40801113,Angela213120
216,å¥½å¯æ„›å–”,#FFFFFF,1,0,347,43024888,j1070526
217,å…„å¼Ÿä½ å¥½é¦™,#FF0026,1,0,350,38700882,milkppt
218,æˆ‘12äº†,#FF0026,1,0,355,44035485,Dhkwk
219,å¥½å¯æ„›~,#FFFFFF,1,0,356,38496581,vicky220
220,å…”å“¥,#FFFFFF,1,0,356,43754904,s1080025
221,å½±ç‰‡90ç§’ å»£å‘Š30ç§’,#FFFFFF,1,0,356,44744709,a4391030
222,???,#FFFFFF,1,0,359,41709872,joe71406
223,å…„å¼Ÿä½ å¥½é¦™,#FFFFFF,1,0,359,44049543,A524gino
224,è›¤?,#FFFFFF,1,0,360,41701450,gl0507
225,å¥½è®š,#FFFFFF,1,0,364,37285672,k122662479
226,æˆ‘ä¹Ÿè¦åƒå¸ƒä¸,#FFFFFF,1,0,365,43908582,Anima0415
227,y,#FFFFFF,1,0,366,42795395,haps108240
228,å—¨,#FFFFFF,1,0,370,41337806,CATDOG2333
229,å’¿å’¿å’¿å’¿å’¿å’¿å’¿å’¿å’¿å’¿å’¿å’¿å’¿å’¿,#FFFFFF,1,0,372,43519307,joy613536
230,éŽåŠè­¦å‘Š,#FFFFFF,1,0,376,37359970,robin7331899
231,æ„Ÿè¬å·´å“ˆä¸Šå‹•ç•«,#FFFFFF,1,0,378,37257322,mo0209
232,å—¨,#FFFFFF,1,0,380,42678961,s109231
233,å¥½å¯æ„›,#FFFFFF,1,0,380,43032398,Katie2013
234,å–”æˆ‘è¦ä¸è¡Œæƒ¹,#FFFFFF,1,0,382,43650219,annana566
235,èª²çˆ†!!!!!!!!!!!!!!!!!!!!!!,#FFFFFF,1,0,386,42317242,lois19920926
236,å¯æ„›,#FF9625,2,2,387,42532160,rosa0812
237,&2&8/$:7.!/,#FFFFFF,1,0,390,41438770,s0714eddie
238,æœƒæœ‰èžžèŸ»XD,#0036FA,1,0,392,39963278,haru15
239,æˆ‘ç«Ÿç„¶æœ‰åæ‡‰æ¬¸ï¼ï¼ï¼,#FF0026,1,1,395,44035489,Dhkwk
240,å£æ„›,#FFFFFF,1,0,397,38841610,roucichiu
241,æˆ‘çš„å±è‚¡â¬‡ï¸,#FFFFFF,2,1,398,37740788,Luna1023
242,å¥½å¥½åƒ,#FFFFFF,1,0,400,43023482,cxj20130622
243,å“‡,#FFFFFF,1,0,400,44529562,st5109185
244,çœ‹åˆ°å£žé¬†é¤…ç›´æŽ¥ç¬‘å‡ºä¾†,#FFFFFF,1,0,405,41223436,kbfr
245,å¥½å¯æ„›,#FFFFFF,1,0,405,42949205,ye978799
246,ç¢°ï¼,#FDE53D,2,2,408,37209651,seeso
247,å¯æ„›,#FFFFFF,1,0,410,41576686,Yuooo1221
248,ä½ é€™å€‹å£žé¬†é¤…,#FF0026,1,2,415,40285661,wegt458
249,ç¢°,#FFFFFF,1,0,416,42220545,qOuOl
250,æ€Žéº¼åˆ°è™•éƒ½æœ‰homoé˜¿ (æƒ±,#FFFFFF,1,0,428,37933031,udte0503
251,å¯¶å¯¶!,#FFFFFF,1,0,431,42192993,peter880421
252,å…„å¼Ÿâ€¦,#FFFFFF,1,0,438,39010683,yukipedia
253,éŽåŠè­¦å‘Š(ä¹Ÿå¤ªå¿«xd),#FFFFFF,1,0,440,44467853,Meatbun1204
254,<(Ë™â–½Ë™<),#FF9496,2,0,442,37651666,pinky122116
255,å¥½å¯æ„›,#FF0026,1,1,442,42577275,ryanwu0615
256,ç¢°,#00FF91,1,0,444,41946188,Onandoff
257,é€™ç­†å¤©ç«ºé¼ è»Šè»Šé‚„çŸ­è€¶,#FFFFFF,1,0,448,41597804,nico7214034
258,ðŸ˜¯,#FFFFFF,1,0,450,40744524,ooxx1125
259,Isuzu b hsushshushs sixoxiuðŸ«’ðŸ˜‚ðŸ«’,#00FF91,1,0,450,41438775,s0714eddie
260,æˆ‘æœ‹å‹å°„äº†,#FF0026,1,1,455,44035504,Bro0201
261,å…”å­å¥½é¬§ðŸ¤£ðŸ¤£å¯æ„›,#FFFFFF,1,0,460,41452694,nina766335
262,é¬†é¤…ï¼Œä½ å¥½é¦™( ã€‚á»› â‚ƒá»)Ú¾,#FFFFFF,1,0,463,43683890,annana566
263,äººé¡žï¼šæ‰‹æ©Ÿå…ˆåƒ,#FFFFFF,1,0,463,43683900,annana566
264,é€™é£Ÿç‰©é€™ç®—ä¸ç®—SM,#FFFFFF,1,0,463,43683911,annana566
265,å‘€å“ˆ,#FFFFFF,1,0,464,43703781,schy90503
266,ç£…ï¼,#FDE53D,1,2,465,37363800,chenwenxin
267,å…„å¼Ÿ æƒ³è¶´ä½ ,#FFFFFF,1,0,465,37912091,thffhrherh5
268,ç‚ºä»€éº¼è¦æ‹ï¼Ÿ,#FFFFFF,1,0,465,40271978,Bananaaa
269,çœŸçš„å¥½ç™‚ç™’,#FF9496,2,0,466,42934909,yuyan5831
270,ä»€éº¼å¯æ„›å°å¡é€šï¼æ ¹æœ¬ç¾Žé£Ÿç¯€ç›®å—ŽðŸ§¡ðŸ§¡ï¼,#FDE53D,2,0,466,44403861,wunuynuy
271,%,#FDE53D,1,0,467,37090648,xman123
272,å¥½æ„›å…”å…”çš„ç²¾ç¥žç‹€æ…‹,#FFFFFF,1,0,468,42694476,mia7721
273,spanking,#FFFFFF,1,0,471,42004802,Newbiesama
274,æˆ‘ä¹Ÿæƒ³æ‹æ‰“é¬†é¤…,#FF0026,2,0,474,37172402,qwe30315
275,çƒè–©å¥‡,#FFFFFF,1,0,475,42552428,Jamei0111
276,2æœˆ9æ—¥,#FFFFFF,1,0,475,43843917,Mia1020214
277,å¥½é¦™å•Š,#FFFFFF,1,0,477,41817960,cjad20010827
278,bonk,#FFFFFF,1,0,478,37102731,sevenwgsss
279,%,#FFFFFF,1,0,480,37093635,BBB122328
280,å¥½æƒ³åƒ,#FFFFFF,1,0,480,44529563,st5109185
281,å“ˆå“ˆå“ˆ,#FFFFFF,1,0,485,42454655,ayiimilk
282,å¥½å¯æ„›,#FF9496,2,0,487,41465869,ching72325
283,è¬è¬å·´å“ˆ,#FFFFFF,1,0,489,38014630,tiger5567
284,ç„¡æ•µå¯æ„›ï¼ï¼,#FFFFFF,1,0,489,38496585,vicky220
285,æˆ‘åˆ‡åˆ‡åˆ‡ï¼,#FFFFFF,2,2,490,41385333,cecelia0407
286,è¶…å¯æ„›ã„Ÿ,#00C3FC,1,0,490,43594337,yqr1009
287,å¥½å¥½åƒ,#FFFFFF,1,0,495,38508093,Furabbit
288,å¿«è¢«å¯æ„›æ­»äº†æ•‘å‘½,#FFFFFF,2,0,495,40538581,shmily120433
289,æ‰“æˆ‘å±è‚¡,#FF0026,2,1,496,39378644,BHSN000058k3
290,é£Ÿç‰©SM,#FDE53D,2,2,497,41032278,sunnyjiss6
291,éŽåŠè­¦å‘Š,#FFFFFF,1,0,499,42532879,JIGUANG2010
292,ä¸è¦çŽ©é£Ÿç‰©,#FFFFFF,1,0,503,38219600,keroro9987
293,2024/11/11ç°½,#FFFFFF,1,0,503,42694481,mia7721
294,???????????????????????????,#FFFFFF,1,0,508,40801122,Angela213120
295,é€™æ˜¯å¤ªç†±å†æ‹åå¢Šçš„æ„Ÿè¦º,#FFFFFF,1,0,510,41544582,yuri930603
296,%%%,#FFFFFF,1,0,515,40226976,rc20081109
297,æ„Ÿè¬å·´å“ˆä¸Šæž¶è¶…å¯æ„›å‹•ç•«ï¼,#FFFFFF,1,0,517,37138683,amazingcaty
298,å¥½æƒ³æ‰ä»–å€‘å–”,#FFFFFF,1,0,518,41721397,alen940115
299,wow,#FFFFFF,1,0,519,44155003,timlin0808
300,ðŸ˜‹,#FFFFFF,1,0,520,37869385,m18322415928
301,æˆ‘æƒ³åƒé¬†é¤…ðŸ¥ž,#FFFFFF,1,0,520,38905017,n1073219
302,åƒè²¨å…”å…”,#FFFFFF,1,0,520,44744627,rvvvv
303,å¥½å¯æ„›,#FF9496,1,0,522,40667147,ariel0321
304,å’–å“‡ä¼Š,#FFFFFF,1,0,524,37110884,Ohayouu
305,è®“æˆ‘æƒ³åˆ°æ‰“å¥³å‹å±è‚¡,#FFFFFF,1,0,524,38239728,s7012806
306,å¥½æƒ³åƒ,#FF0026,2,0,527,37172403,qwe30315
307,æ‹æ‰“æ´›å¯é˜¿å¬¤,#FFFFFF,1,0,528,37209148,sholfen
308,çœ‹èµ·ä¾†ä¹Ÿå¤ªå¥½åƒ,#FFFFFF,1,0,535,40271980,Bananaaa
309,å¥½åƒ,#FFFFFF,1,0,535,40525529,monkeyyo001
310,å¯æ„›,#FFFFFF,1,0,539,44179853,g840483938
311,çƒè–©å¥‡è·Ÿå‰ä¼Šå¡å“‡æ˜¯é…’è‚‰æœ‹å‹,#FFFFFF,1,0,540,42597757,loenyen73
312,ä¸æå“ˆå§†é†¬,#FFFFFF,1,0,545,37193574,mfabc
313,åª½çš„åª½çš„åª½çš„,#FFFFFF,1,0,545,37326727,Kujila510710
314,é åƒå¥½å¿«,#FFFFFF,1,0,545,41891424,bubble0315
315,ç”¨éŸå­åˆ‡ï¼Ÿå°å…«ï¼šã€Œå°å•Šã€æˆ‘ï¼šã€ŒðŸ¤£ðŸ¤£ðŸ¤£ã€,#FFFFFF,1,0,545,44501406,aliny54689
316,æ—©é¤åƒé¬†é¤…,#FF0026,2,0,546,37172404,qwe30315
317,å¯æ„›å‘€,#FFFFFF,1,0,547,41337819,CATDOG2333
318,è¥¿,#00FF91,1,0,549,44529412,st5109185
319,å…”å­åƒæ±è¥¿å¥½å¯æ„›w,#FFFFFF,1,0,554,37088951,lonely250
320,å¥½å¯æ„›çš„å‰ä¾å¯¶å¯¶ æƒ³ä¸€å£åƒæŽ‰,#FF9496,1,0,555,41701527,belleee
321,æŒ–æ§½ æš´é¢¨å¼åžå…¥ ä¹Ÿå¤ªå¯æ„›äº†å§,#FFFFFF,1,0,557,44056647,WWW924051
322,ä»€éº¼å¥‡æ€ªç”Ÿç‰©,#00C3FC,2,0,559,41275706,aa91a0112
323,ä¸€å€‹ã€Œå•Šã€å„ç¨®æƒ…ç·’,#FFFFFF,1,0,560,40362225,meng7917
324,å¯æ„›,#FFFFFF,1,0,561,38086388,Tony15246
325,å¥½å¯æ„›ðŸ˜,#FF9496,1,0,570,37114336,kylieisme094
326,ðŸ¸,#FFFFFF,1,0,570,38496590,vicky220
327,å‰ä¼Šå¡å“‡åœ¨å¹«å‹•ç•«ç˜‹è³ºéŒ¢å—Ž å…å»£å‘Šçš„éŒ¢,#FFFFFF,1,0,575,41529918,emma061105
328,"æœ‰äººè·Ÿæˆ‘ä¸€æ¨£æ™šä¸Šçœ‹å—Ž
çœ‹äº†å¿«é¤“æ­»",#FFFFFF,1,0,576,41165019,tsubakilee
329,æƒ³åƒé¬†é¤…äº†å“ˆå“ˆå“ˆå“ˆå“ˆ,#FF9496,1,1,580,41391053,patty902
330,ä¸€å£å¡žä½ åˆ°åº•æ˜¯å…”å­é‚„æ˜¯å€‰é¼ ,#FFFFFF,1,0,589,42666789,chin0924
331,æ‘¸éª¨æ‘¸éª¨,#FFFFFF,1,0,590,39745768,Griswold
332,é«”æ„Ÿä¸€åˆ†é¾â€¦,#FFFFFF,1,0,591,37106844,a28607
333,é«”,#FFFFFF,1,0,595,43754911,s1080025
334,å–œæ­¡çœ‹å…”å…”åƒæ±è¥¿è¶…å¯æ„›ðŸ˜,#FFFFFF,1,0,596,44575045,peach9611
335,å•Šå•Šå•Šå•Š,#FFFFFF,1,0,600,41280684,fuyuyoru030
336,æš´åŠ›åƒé¬†é¤…,#FFFFFF,1,0,601,41817962,cjad20010827
337,å•Šå•Šå•Šé‚£å€‹è¶…å¯æ„›æ˜¯æ€Žæ¨£å•¦,#FFFFFF,2,0,605,38403305,smoonzz
338,å’¿å’¿å’¿å’¿å’¿å’¿å’¿å’¿å’¿å’¿å’¿å’¿å’¿å’¿å’¿å’¿å’¿å’¿å’¿,#FFFFFF,1,0,605,43519317,joy613536
339,è²·äº†è²·äº† æœˆç§Ÿæ–¹æ¡ˆç‚ºäº†çœ‹é€™å€‹XDD,#FFFFFF,1,0,606,37340484,ann84
340,?????????,#FFFFFF,1,0,608,42746830,abc21086999
341,30ç§’çš„å»£å‘Šï¼šï¼‰,#FFFFFF,1,0,610,37263626,joanna0321
342,å®¢æ„›æ„›,#FFFFFF,1,0,618,44179854,g840483938
343,ä¸æƒ³è®Šåªè¦ä¸»æµå°±èªªè¨ŽåŽ­ï¼Œä¾†å˜—è©¦äº†è§£é€™ä¸‰å°,#FFFFFF,1,0,619,41927849,asure8888
344,å¥½å¯æ„›å–”,#FFFFFF,1,0,621,42023149,tiff6323
345,é€™åˆ°åº•æ˜¯ä¸‰å°,#FF0026,1,0,625,42453288,allencgl1
346,å¤ªå¿«å°±1é›†äº†å§,#FFFFFF,1,0,626,42893301,dd8842245
347,yuuyuyu,#FFFFFF,1,1,631,43103312,chenyin09
348,æƒ³åƒæ°·å·æ—¥èœï¼ˆCVå°æ¾¤äºžé‡Œï¼‰åœ¨å¹•å¾Œé¬¼å«,#FFFFFF,1,0,634,37110322,ol0SOW0lo
349,æ™šå®‰,#FFFFFF,1,0,637,44440673,jimmy0416
350,ä»€éº¼çµæŸäº†ï¼ï¼Ÿæˆ‘åˆ°åº•çœ‹äº†ä»€éº¼ï¼Ÿï¼Ÿ,#0036FA,2,2,641,44139947,SUDU9527
351,è¶´ï¼æ²’äº†,#FFFFFF,1,0,642,41322892,z9ha45pt26xo
352,"æœŸå¾…åŠ å…¥å°å…«çš„æ¼”å”±:""D",#FFFFFF,1,0,643,37090118,kodgreen59
353,å†·çŸ¥è­˜ï¼šå·²çµæŸï¼Œè€Œä¸”ç‰‡å°¾å¾ˆé•·<(Ë™â–½Ë™<),#FFFFFF,1,2,643,43683942,annana566
354,è›¤,#FFFFFF,1,0,645,40059278,lina1050091
355,å¥½å¯æ„›å–”ï½ž,#FF9496,1,1,645,40451028,doggypig2019
356,â¤â¤â¤,#FFFFFF,1,0,648,42335915,yoyohsu1005
357,å°çŸ¥è­˜:å…”å­å¤–çš„å…©å€‹ä¸»è¦è§’è‰²éƒ½æ˜¯å°å­©é…çš„,#FFFFFF,1,0,649,37089016,pkpkpk86520
358,è¶…è®šã„‰ï¼ï¼ï¼ï¼ï¼ï¼ï¼,#FFFFFF,1,0,649,38496591,vicky220
359,ä¸æ˜¯é«”æ„Ÿä¸€åˆ†é˜ï¼Œæ˜¯çœŸçš„åªæœ‰ä¸€åˆ†é˜,#FFFFFF,1,0,650,37167002,LiaoWenhua
360,æ²’äº†ï¼Ÿï¼Ÿï¼Ÿï¼Ÿï¼Ÿï¼Ÿï¼Ÿï¼Ÿï¼Ÿï¼Ÿï¼Ÿï¼Ÿï¼Ÿï¼Ÿï¼Ÿï¼Ÿï¼Ÿ,#FF0026,2,1,650,39378653,BHSN000058k3
361,ï¼Ÿï¼Ÿã„¡ã„¡ã„¡ã„¡,#A7FE39,1,0,650,42920226,evaasgg128
362,éŸ³ä¹è¶…å¥½å¬ä¹Ÿè¶…å¯çˆ±~~~,#FF9496,1,0,653,38517836,linliyan6008
363,å¤ªå»¢äº†å§ï¼Ÿ,#0036FA,1,0,655,42555322,Lucy08070807
364,(*Â¯ï¸¶Â¯*),#FFFFFF,1,0,657,39156779,jnini107040
365,æ™‚é–“å°å·,#FFFFFF,1,0,660,37089286,nitama487
366,é€™åˆ°åº•æ˜¯ä¸‰å°,#FF0026,2,2,663,42532176,rosa0812
367,é«”æ„Ÿ90ç§’,#FFFFFF,1,0,665,37188419,chi525051
368,æ²’äº†å°±é€™æ¨£é è…°å•Š,#FFFFFF,1,0,665,41819554,Tyhbnvfg
369,èˆ‡,#FFFFFF,1,0,666,43967797,TONKEN
370,ç²¾ç¥žæ™‚å…‰å±‹,#FFFFFF,1,0,667,37102737,sevenwgsss
371,æœŸå¾…å°å…«å‡ºå ´ï¼,#FFFFFF,1,0,667,37138685,amazingcaty
372,è›¤,#FFFFFF,1,0,667,40706383,tiyu1118
373,é«”æ„Ÿä¸€åˆ†é˜,#FFFFFF,1,0,671,37175957,Pooooooooooo
374,ä¸çœ‹è²å„ªè¡¨æ­»éƒ½èªä¸å‡ºå…”å­æ˜¯å°æ¾¤äºžæŽ,#FFFFFF,1,0,672,37106452,Tomachen
375,æª”æ¡ˆçš„å°ç‘ªèŽ‰cv,#FFFFFF,1,0,672,37391086,a4810159
376,?,#FFFFFF,1,0,672,39260415,N4070022
377,è¦æ’åˆ°13-14é›†æ‰é–‹å§‹æœ‰åŠ‡æƒ…å–”~~~,#FFFFFF,1,0,672,44049554,leteargerbob
378,å½±ç‰‡90ç§’ å»£å‘Š30ç§’?????,#FFFFFF,1,0,673,44744720,a4391030
379,ä¸€åˆ†é˜é€™éº¼çŸ­,#FFFFFF,1,0,675,41529899,emma061105
380,é«”æ„Ÿ10ç§’é˜,#FFFFFF,1,0,677,44115716,geoguessr
381,åŽŸä¾†ä¸€é–‹å§‹æ²’æœ‰å°å…«å”±æ­Œ,#FFFFFF,1,0,680,37090326,aasw91330
382,è›¤,#FFFFFF,1,0,680,37512346,sXD324
383,XDD,#FFFFFF,1,0,681,38837447,etal
384,æ²’äº†ï¼Ÿï¼Ÿï¼ŸðŸ–•ðŸ–•ðŸ–•ðŸ–•ðŸ–•,#FF9625,1,0,683,43195457,Lisa2012821
385,æœ¬ä¾†å°±ä¸€åˆ†é˜æ˜¯åœ¨é«”æ„Ÿä¸‰å°,#FFFFFF,1,0,685,37255433,loveyou78912
386,ä»€éº¼ï¼Ÿæ²’äº†ï¼Ÿ,#FFFFFF,1,0,685,38837432,etal
387,è›¤,#FFFFFF,1,0,685,41884099,FATEMO
388,å“ˆå“ˆå“ˆ,#FFFFFF,1,0,687,41660743,a1710199021
389,è›¤ï¼Ÿ,#FFFFFF,1,0,689,42220557,qOuOl
390, è›¤?,#FFFFFF,1,0,690,37656514,jp956956
391,é€™åˆ°åº•æ˜¯ä»€éº¼é¬¼,#B538FA,1,0,690,41473515,czkcqkqzty
392,é‚£å€‹ä»€éº¼ä»€éº¼æ„›å“­é¼ å’©www,#FFFFFF,1,0,690,41933384,zaken000
393,?????,#FFFFFF,1,0,691,41644995,sodragon
394,æ²’äº†ï¼Ÿï¼Ÿï¼Ÿï¼Ÿï¼Ÿï¼Ÿï¼Ÿï¼Ÿï¼Ÿï¼Ÿï¼Ÿï¼Ÿï¼Ÿï¼Ÿï¼Ÿï¼Ÿï¼Ÿï¼Ÿ,#FFFFFF,1,0,693,41165047,tsubakilee
395,æ²’æ­Œè©ž,#FFFFFF,1,0,695,42597761,loenyen73
396,æ²’äº†ï¼Ÿï¼Ÿï¼Ÿ,#FFFFFF,1,0,696,40784995,yu2501171025
397,æ²’äº†????,#FFFFFF,1,0,696,41597809,nico7214034
398,å—šå“‡å—šå“‡ æ²’äº†ï½ž,#FFFFFF,1,0,700,41606752,a54494028
399,å»£å‘Š30ç§’é€²ä¾†ä¸€åˆ†é˜,#FFFFFF,1,0,700,42845328,Zoe1010521
400,é«”æ„Ÿä¸€åˆ†é˜,#FFFFFF,1,0,703,41322900,z9ha45pt26xo
401,å¥½å¯æ„›,#FFFFFF,1,0,703,42107580,yyz0329
402,1åˆ†é˜XD,#BEBEBE,1,0,705,37310746,p1997201244
403,æ³¡éºµéƒ½é‚„æ²’å¥½,#FFFFFF,1,0,705,40822214,roubai1203
404,å¡æ‹‰okç‰ˆï¼ˆX,#FFFFFF,1,0,705,44295966,Sadone2005
405,ï¼Ÿï¼Ÿï¼Ÿï¼Ÿï¼Ÿï¼Ÿï¼Ÿ,#FFFFFF,1,0,710,43494643,kobeleobryan
406,çœŸçš„é«”æ„Ÿä¸€åˆ†é˜,#FFFFFF,1,0,712,37152327,tokl2508
407,é«”æ„Ÿä¸€åˆ†é˜,#FFFFFF,1,0,713,41061847,A19971212
408,å¯ä»¥,#FFFFFF,1,0,714,42679294,cyc0321
409,ï¼Ÿï¼Ÿï¼Ÿï¼Ÿï¼Ÿï¼Ÿ,#FFFFFF,1,0,715,44405211,mika1011002
410,å°å…«åœ¨çµå°¾ å¯æ„›,#FFFFFF,1,0,717,37340486,ann84
411,è¥¿è¥¿ä¸è¥¿è¥¿,#FFFFFF,1,0,717,44529568,st5109185
412,çœŸçš„é«”æ„Ÿ3ç§’,#FFFFFF,1,0,719,37884256,c107049
413,é›–ç„¶çŸ¥é“å¾ˆçŸ­ä½†çœŸçš„åš‡åˆ°æˆ‘äº†ðŸ¤£,#FFFFFF,1,0,720,37941426,yenlin1004
414,æ²’äº†ï¼Ÿ,#FFFFFF,1,0,722,37101694,cheninda1234
415,??,#FFFFFF,1,0,722,44615965,LordXavier
416,å“­å•Š ä¸€åˆ†é˜çš„å½±ç‰‡ è¦çœ‹ä¸‰åç§’çš„å»£å‘Š,#FFFFFF,1,0,724,37533365,mo000136
417,ç‚ºäº†é€™ä¸€åˆ†é˜çœ‹30ç§’å»£å‘Š å»£å‘Šå•†è³ºçˆ›,#FF0026,1,1,725,40950510,a52219951
418,6,#FFFFFF,1,0,725,44402511,house816
419,å¥½å¿«,#FFFFFF,1,0,727,41701454,gl0507
420,??????????,#FFFFFF,1,0,729,40204499,tsm55555
421,å¾ˆå¯æ„›ä¸è¦åµ,#FFFFFF,1,0,729,42808044,JinAurora
422,è›¤,#FFFFFF,1,0,733,40277838,s06578
423,å¹¹å¤ªå¿«,#FFFFFF,1,0,739,43662275,s3dh2
424,????????????????????????????,#FFFFFF,1,0,740,39857903,dc92044sony
425,å¥½å¯æ„›,#FFFFFF,1,0,740,41984454,BHSN00000q3t
426,æ²’çœ‹éŽé€™éº¼å¿«çš„,#FFFFFF,1,0,741,43778552,hp76249
427,éª¨æ„Ÿä¸€åˆ†é˜,#FFFFFF,1,0,742,42038413,realandtrue
428,å½±ç‰‡ä¸åˆ°90ç§’ å»£å‘Š30ç§’,#FFFFFF,1,0,743,44744721,a4391030
429,é«”æ„Ÿä¸€åˆ†é˜...,#FFFFFF,1,0,746,37392590,x0902
430,å¥½å¯æ„›å•Šå•Šå•Š,#FFFFFF,1,0,746,43182185,yinqiancai02
431,è›¤ æ²’äº†,#FFFFFF,1,0,748,41446373,nehsh101
432,è›¤,#FF9496,1,0,749,41591266,becky1020109
433,ç­‰ä¸€ä¸‹ æˆ‘ä¸æ˜¯å‰›çœ‹ï¼ï¼Ÿ,#FDE53D,1,0,752,39616476,carnew681012
434,çœŸâ€¢é«”æ„Ÿä¸€åˆ†é˜,#FF0026,2,0,752,42456708,Rei9488
435,é«”æ„Ÿä¸€åˆ†é˜,#FFFFFF,1,0,752,43474035,A15874875
436,å¥½æƒ³åƒ,#FFFFFF,1,0,753,42317243,lois19920926
437,è›¤...ï¼Ÿ,#FFFFFF,1,0,754,42896611,junhui9520
438,å»£å‘Š30ç§’æ­£ç‰‡ä¸€åˆ†é˜ ä½†æ˜¯å¤ªå¯æ„›æˆ‘é¡˜æ„ðŸ˜,#FFFFFF,1,0,755,37146166,account77615
439,çœŸçš„æ˜¯ä¸€åˆ†é˜,#FFFFFF,1,0,758,38798423,shadow121010
440,ç­‰äº†30ç§’ çœ‹äº†ä¸€åˆ†é˜,#FFFFFF,1,0,758,40551109,kevin1998oo
441,é€™å•¥çŽ©æ„å…’XDDDD,#FFFFFF,1,0,761,38713656,RoaBoa850216
442,???????,#FFFFFF,1,0,761,42179798,cdfh1284841
443,å¥½å¥½åƒçš„æ„Ÿè¦º,#FFFFFF,1,0,761,44155008,timlin0808
444,é«”æ„Ÿä¸€åˆ†é˜,#FFFFFF,1,0,763,41692736,yymkc
445,é«”æ„Ÿä¸€åˆ†é˜,#FFFFFF,1,0,764,41413599,a70888765
446,å¡ä¼Šå¡å“‡,#FFFFFF,1,0,765,40904144,Bokey1423
447,???????????????????????????,#FFFFFF,1,0,768,42455535,hau740212
448,åˆè¦å»£å‘Šäº†,#FDE53D,1,2,769,43908625,Anima0415
449,30ç§’å»£å‘Šçœ‹1åˆ†é˜,#FFFFFF,1,0,778,37350376,pig61012
450,ä¸‰å°æ€Žéº¼æ²’äº†,#FFFFFF,1,0,780,43645639,kk0913538560
451,ç¬‘æ­»,#FFFFFF,1,0,780,44680659,yuyi7613
452,æˆ‘çˆ±å°å…«,#FFFFFF,1,0,786,37176837,Kthunderbolt
453,æˆ‘é‚„åœ¨æ€è€ƒæ­£ç‰‡åœ¨å“ªå°±æ²’äº†,#FFFFFF,1,0,788,42732366,A1010010
454,XDDDDDDD,#FFFFFF,1,0,789,40543495,ncbob
455,å¥½èŒå‘€ï½ž,#FF9496,1,0,790,43183033,win7288
456,é­”æ€§,#FFFFFF,1,0,792,41516350,love20201128
457,åˆ°åº•æ˜¯åœ¨ç´…æ€Žæ¨£çš„å•Š,#FFFFFF,1,0,795,42555325,Lucy08070807
458,å…„å¼Ÿï½ž,#FFFFFF,1,0,798,39663830,wuted
459,ç¬‘å±ŽðŸ¤£ðŸ¤£ðŸ¤£,#FFFFFF,1,0,800,43256091,ox22081
460,å—¨ æ™šå®‰,#FFFFFF,1,0,801,44440682,jimmy0416
461,å•Šï¼Ÿ,#BEBEBE,0,0,806,43333490,yiling0807
462,è¦æ’åˆ°13-14é›†æ‰é–‹å§‹æœ‰åŠ‡æƒ…å–”~~~~,#FF0026,1,0,810,44049557,leteargerbob
463,é«”æ„Ÿ10ç§’,#FFFFFF,1,0,816,39006895,homo760123
464,é«”æ„Ÿä¸‰åç§’,#FFFFFF,1,0,817,41939969,g1080109
465,è›¤,#FF0026,1,0,820,40789340,jasonlin0331
466,è›¤,#00C3FC,2,0,820,44340361,yuye00571
467,é€™..ðŸ”šäº†ï¼Œçœ‹äº†ðŸ˜”ðŸ’¬,#FFFFFF,1,0,825,44207085,Aa5709453
468,æ¯ç½,#FFFFFF,1,0,826,42025785,snowball1292
469,è²“,#FFFFFF,1,0,827,43754918,s1080025
470,æˆ‘çš„æ³¡éºµé‚„æ²’å¥½,#FFFFFF,1,0,828,41982739,bear508
471,æ‰1åˆ†é˜ æˆ‘è¦çœ‹30ç§’çš„å»£å‘Šï¼Ÿ,#FFFFFF,1,0,832,39229289,joanne789
472,å¥½å¯æ„›å‘€\(//âˆ‡//)\,#FDE53D,1,0,835,40557924,WWWW1108
473,é«”æ„Ÿä¸€åˆ†é˜,#FFFFFF,1,0,836,42573056,xinghe820
474,æˆ‘ä¹Ÿæ˜¯ç‚ºäº†å‰ä¼Šè²·æœƒå“¡ðŸ˜‚ðŸ˜‚,#FFFFFF,1,0,840,42597770,loenyen73
475,æ‰€ä»¥ç‚ºå•¥å½ˆå¹•è¦ä¸€ç›´å…„å¼Ÿçš„( ï½¥á·„á½¢ï½¥á·… )ï¼Ÿ,#FFFFFF,1,2,846,43683954,annana566
476,é«”æ„Ÿ20ç§’,#FFFFFF,1,0,850,41270194,YEYU8964
477,æˆ‘è²·å…å»£å‘Šäº†,#FFFFFF,1,0,857,41325318,J310923
478,å•Šå•Šå•Šå•Š,#FF9625,2,2,863,42532179,rosa0812
479,æ²’æœ‰äº†å“ˆå“ˆå“ˆã„é˜¿,#FFFFFF,1,0,863,44179863,g840483938
480,å…„å¼Ÿ,#FDE53D,1,0,865,39118447,a38395654a
481,ç‚ºä»€éº¼è¦ä¸€ç›´å…„å¼Ÿçš„( ï½¥á·„á½¢ï½¥á·… ),#FFFFFF,1,0,865,42802663,Melody122
482,è¯¶,#FF0026,1,0,866,44529573,st5109185
483,OK.......,#FFFFFF,1,0,871,38042307,AS52302100
484,æŽ°æŽ° æ™šå®‰,#FFFFFF,1,0,871,44440684,jimmy0416
485,ç‚ºäº†å‰ä¼Šå¡å“‡ç¬¬ä¸€æ¬¡è²·äº†æœƒå“¡ðŸ‘,#FFFFFF,1,0,874,40442519,acgn75410302
486,å°å…«ðŸ’—,#FFFFFF,1,0,874,43182188,yinqiancai02
487,æ³¡æ³¡é©—è¶…å¸‚å’Œçœ‹,#FFFFFF,1,0,876,44179856,g840483938
488,ZMB,#FFFFFF,1,0,877,42527612,ZED8090
489,å…„å¼Ÿæœ‰äº‹è«‹è½‰èº«,#FFFFFF,1,0,890,44754781,D0690422
490,ðŸ˜€,#00C3FC,1,0,898,40894473,kekerry75
491,æ²’äº†ï¼Ÿï¼Ÿï¼Ÿï¼Ÿ,#FFFFFF,1,0,901,42188563,linzzi
492,å“ˆ,#FF0026,1,0,901,44529579,st5109185
