,評分,店名,連結,地點,類型,晚餐價格,午餐價格,休息日
0,4.03,6,https://tabelog.com/tw/okinawa/A4702/A470202/47022252/,,"創新, 法式料理","JPY 20,000～JPY 29,999","JPY 10,000～JPY 14,999",-
1,3.93,BACAR,https://tabelog.com/tw/okinawa/A4701/A470101/47003553/,縣政府前車站,"披薩, 義大利料理","JPY 15,000～JPY 19,999",-,星期一、星期日
2,3.78,Shunsai Dokoro Biidoro,https://tabelog.com/tw/okinawa/A4701/A470101/47002122/,美榮橋車站,"日式小酒館, 沖繩料理, 創作料理","JPY 3,000～JPY 3,999",-,星期一、星期日
3,3.77,Grand Bleu Gamin,https://tabelog.com/tw/okinawa/A4705/A470503/47025427/,,"法式料理, 鐵板燒, 旅館/酒店","JPY 15,000～JPY 19,999","JPY 4,000～JPY 4,999",-
4,3.75,Niima Soba,https://tabelog.com/tw/okinawa/A4705/A470503/47028426/,,沖繩麵,～JPY 999,～JPY 999,星期四
5,3.75,Shabushabu Kin Hon Ten,https://tabelog.com/tw/okinawa/A4701/A470101/47023328/,美榮橋車站,"豬肉涮涮鍋, 涮涮鍋, 沖繩料理","JPY 6,000～JPY 7,999",-,-
6,3.75,Okinawa Soba Marukami,https://tabelog.com/tw/okinawa/A4705/A470503/47026984/,,"沖繩麵, 食堂, 沖繩料理",-,～JPY 999,星期日
7,3.73,MEXICO,https://tabelog.com/tw/okinawa/A4703/A470404/47000173/,,塔可,～JPY 999,～JPY 999,星期二、星期三
8,3.73,O's House,https://tabelog.com/tw/okinawa/A4701/A470101/47001572/,旭橋車站,牛排,"JPY 10,000～JPY 14,999",-,星期日
9,3.72,Matsumoto,https://tabelog.com/tw/okinawa/A4701/A470101/47027108/,縣政府前車站,"豬肉涮涮鍋, 沖繩料理, 日式小酒館","JPY 6,000～JPY 7,999",-,-
10,3.72,Captain Kangaroo,https://tabelog.com/tw/okinawa/A4702/A470202/47027004/,,漢堡,"JPY 1,000～JPY 1,999","JPY 1,000～JPY 1,999",-
11,3.72,Kise,https://tabelog.com/tw/okinawa/A4702/A470201/47011807/,,"鐵板燒, 牛排, 海鮮","JPY 30,000～JPY 39,999","JPY 3,000～JPY 3,999",-
12,3.71,La Tida,https://tabelog.com/tw/okinawa/A4702/A470201/47000059/,,"西式自助餐, 歐洲料理, 咖啡店","JPY 5,000～JPY 5,999","JPY 3,000～JPY 3,999",-
13,3.71,Akata Fuu,https://tabelog.com/tw/okinawa/A4701/A470102/47000037/,首里車站,沖繩料理,"JPY 8,000～JPY 9,999",-,星期日
14,3.70,Chinese Kajousai Yankyofan,https://tabelog.com/tw/okinawa/A4701/A470101/47001716/,旭橋車站,"中國菜, 四川料理","JPY 3,000～JPY 3,999",～JPY 999,星期二
15,3.70,Nanbu Soba,https://tabelog.com/tw/okinawa/A4704/A470402/47002030/,,沖繩麵,-,～JPY 999,星期日
16,3.70,Toraichi Seiniku Ten,https://tabelog.com/tw/okinawa/A4705/A470501/47027432/,,燒肉,"JPY 8,000～JPY 9,999","JPY 1,000～JPY 1,999",星期二、星期三
17,3.70,Ralph's Burger Restaurant,https://tabelog.com/tw/okinawa/A4703/A470301/47021518/,,漢堡,-,"JPY 1,000～JPY 1,999",星期四、星期五
18,3.70,Mie,https://tabelog.com/tw/okinawa/A4701/A470101/47002034/,縣政府前車站,沖繩料理,"JPY 10,000～JPY 14,999","JPY 6,000～JPY 7,999",星期日
19,3.69,Shuri Soba,https://tabelog.com/tw/okinawa/A4701/A470102/47000012/,首里車站,沖繩麵,-,～JPY 999,星期四、星期日
20,3.69,HARRY'S Shrimp Truck,https://tabelog.com/tw/okinawa/A4705/A470503/47025855/,,"夏威夷料理, 海鮮, 啤酒屋","JPY 1,000～JPY 1,999","JPY 1,000～JPY 1,999",-
21,3.69,pizzeria da ENZO,https://tabelog.com/tw/okinawa/A4703/A470303/47015653/,,"義大利料理, 披薩, 海鮮","JPY 5,000～JPY 5,999","JPY 1,000～JPY 1,999",-
22,3.69,PUB LOUNGE EMERALD,https://tabelog.com/tw/okinawa/A4704/A470405/47001231/,,"牛排, 咖啡店, 食堂","JPY 3,000～JPY 3,999","JPY 2,000～JPY 2,999",-
23,3.68,Su-manume,https://tabelog.com/tw/okinawa/A4701/A470103/47001964/,安里車站,沖繩麵,"JPY 1,000～JPY 1,999","JPY 1,000～JPY 1,999",-
24,3.68,OKINAWA SOBA EIBUN,https://tabelog.com/tw/okinawa/A4701/A470101/47017975/,牧志車站,"沖繩麵, 沖繩料理",-,～JPY 999,-
25,3.68,Akaishi Shokudo,https://tabelog.com/tw/okinawa/A4705/A470501/47000038/,,"沖繩麵, 炸豬排蓋飯, 剉冰",-,"JPY 1,000～JPY 1,999",星期一、星期二、星期三、星期日
26,3.68,Yunami Sakashita Ten,https://tabelog.com/tw/okinawa/A4701/A470103/47013540/,Omoromachi車站,沖繩麵,～JPY 999,～JPY 999,-
27,3.68,Marchinuya,https://tabelog.com/tw/okinawa/A4701/A470101/47003193/,美榮橋車站,"沖繩料理, 日式小酒館","JPY 3,000～JPY 3,999",-,星期日
28,3.68,SHIROUX,https://tabelog.com/tw/okinawa/A4703/A470303/47024416/,,創新,"JPY 20,000～JPY 29,999",-,-
29,3.68,BURRATA,https://tabelog.com/tw/okinawa/A4703/A470301/47019115/,,"披薩, 咖啡店, 日式小酒館","JPY 3,000～JPY 3,999","JPY 2,000～JPY 2,999",星期一、星期二
30,3.68,Hoshinoya Taketomijima Dining,https://tabelog.com/tw/okinawa/A4705/A470502/47015876/,,法式料理,"JPY 15,000～JPY 19,999","JPY 1,000～JPY 1,999",-
31,3.67,Nakamura Soba,https://tabelog.com/tw/okinawa/A4703/A470303/47000123/,,沖繩麵,-,"JPY 1,000～JPY 1,999",星期四
32,3.67,DOUG'S BURGER Miyakojima Honten,https://tabelog.com/tw/okinawa/A4705/A470503/47009921/,,"漢堡, 咖啡店","JPY 1,000～JPY 1,999","JPY 1,000～JPY 1,999",-
33,3.67,Kishimoto Shokudo,https://tabelog.com/tw/okinawa/A4702/A470202/47000068/,,沖繩麵,～JPY 999,～JPY 999,星期三
34,3.67,GORDIE’S ,https://tabelog.com/tw/okinawa/A4703/A470304/47002074/,,"漢堡, 咖啡店","JPY 1,000～JPY 1,999","JPY 1,000～JPY 1,999",-
35,3.67,Hitoshi Hon Ten,https://tabelog.com/tw/okinawa/A4705/A470501/47001373/,,"日式小酒館, 海鮮, 壽司","JPY 3,000～JPY 3,999",-,星期三
36,3.67,Maruyoshi Shokudo,https://tabelog.com/tw/okinawa/A4705/A470503/47000103/,,沖繩麵,-,～JPY 999,-
37,3.67,Ryukyu Sushi Tsukiji Aozora Sandaime Naha Honten,https://tabelog.com/tw/okinawa/A4701/A470101/47014544/,縣政府前車站,"壽司, 海鮮, 日本料理","JPY 8,000～JPY 9,999",-,星期日
38,3.67,BAR Owl,https://tabelog.com/tw/okinawa/A4701/A470101/47002697/,縣政府前車站,酒吧,"JPY 5,000～JPY 5,999",-,星期日
39,3.67,Tarama Gyuu Doug's Grill Miyakojima Honten,https://tabelog.com/tw/okinawa/A4705/A470503/47021184/,,"牛排, 法式小酒館, 漢堡排","JPY 10,000～JPY 14,999",-,-
40,3.67,Chinese China Shadow,https://tabelog.com/tw/okinawa/A4705/A470501/47001577/,,"中國菜, 四川料理","JPY 10,000～JPY 14,999",-,星期三
41,3.67,Kura Zushi,https://tabelog.com/tw/okinawa/A4704/A470405/47001205/,,沖繩料理,"JPY 6,000～JPY 7,999",-,星期一、星期二、星期三、星期四、星期日
42,3.66,Hitoshi Ishiganto Ten,https://tabelog.com/tw/okinawa/A4705/A470501/47001357/,,"日式小酒館, 沖繩料理, 海鮮","JPY 3,000～JPY 3,999",-,-
43,3.66,Kishimoto Shokudo Yaedake Ten,https://tabelog.com/tw/okinawa/A4702/A470202/47000957/,,沖繩麵,"JPY 1,000～JPY 1,999",～JPY 999,-
44,3.66,Takaesu Soba,https://tabelog.com/tw/okinawa/A4703/A470404/47000071/,浦添前田車站,沖繩麵,"JPY 1,000～JPY 1,999","JPY 1,000～JPY 1,999",星期日
45,3.66,Manmi,https://tabelog.com/tw/okinawa/A4702/A470201/47000337/,,"燒肉, 烤內臟, 豬肉涮涮鍋","JPY 4,000～JPY 4,999",-,星期一、星期日
46,3.66,Sumibi Yakiniku Takesan Tei,https://tabelog.com/tw/okinawa/A4705/A470501/47000310/,,燒肉,"JPY 8,000～JPY 9,999",-,星期二
47,3.66,Corners Grill,https://tabelog.com/tw/okinawa/A4705/A470501/47004364/,,"牛排, 漢堡排, 漢堡",-,"JPY 2,000～JPY 2,999",-
48,3.66,Izakaya Deiriguchi,https://tabelog.com/tw/okinawa/A4705/A470503/47004460/,,"日式小酒館, 沖繩料理, 海鮮","JPY 4,000～JPY 4,999",-,-
49,3.65,pork tamago onigiri Naha Kuko Kokunaisen Tochaku Robi- Ten,https://tabelog.com/tw/okinawa/A4701/A470103/47020234/,那霸機場車站,"飯糰, 沖繩料理, 便當",～JPY 999,～JPY 999,-
50,3.65,Toraya,https://tabelog.com/tw/okinawa/A4701/A470103/47002599/,小祿車站,"沖繩麵, 沖繩料理",～JPY 999,～JPY 999,星期二
51,3.65,Zooton's Kumoji Ten,https://tabelog.com/tw/okinawa/A4701/A470101/47002146/,縣政府前車站,"漢堡, 咖啡店, 餐飲酒館","JPY 1,000～JPY 1,999","JPY 1,000～JPY 1,999",-
52,3.65,Charlie Takos,https://tabelog.com/tw/okinawa/A4703/A470301/47000033/,,"塔可, 墨西哥料理, 漢堡","JPY 1,000～JPY 1,999","JPY 1,000～JPY 1,999",星期三、星期四
53,3.65,Shunya Ban Chan,https://tabelog.com/tw/okinawa/A4705/A470501/47012017/,,"食堂, 創作料理",-,"JPY 2,000～JPY 2,999",星期三、星期四
54,3.65,Kuruma Ebi Restaurant Tamaya,https://tabelog.com/tw/okinawa/A4703/A470302/47002477/,,"天婦羅蓋飯, 海鮮","JPY 3,000～JPY 3,999","JPY 2,000～JPY 2,999",星期二、星期三
55,3.65,Niku no Hentai Shudan Shippu Horumon Kumoji Honten,https://tabelog.com/tw/okinawa/A4701/A470101/47007248/,縣政府前車站,"燒肉, 烤內臟, 牛排","JPY 10,000～JPY 14,999","JPY 4,000～JPY 4,999",-
56,3.65,Minato Shokudo,https://tabelog.com/tw/okinawa/A4705/A470503/47025515/,,"食堂, 沖繩麵",-,～JPY 999,星期三
57,3.65,3 Chome no Shima Sobaya,https://tabelog.com/tw/okinawa/A4703/A470404/47013441/,浦添前田車站,沖繩麵,-,～JPY 999,-
58,3.65,Minaaiya,https://tabelog.com/tw/okinawa/A4705/A470503/47015150/,,"豆腐料理, 沖繩麵, 飯糰",-,"JPY 1,000～JPY 1,999",星期六、星期日
59,3.65,Gusuku,https://tabelog.com/tw/okinawa/A4702/A470201/47011386/,,餐廳,"JPY 8,000～JPY 9,999","JPY 4,000～JPY 4,999",-
60,3.65,Nikai no Chuka,https://tabelog.com/tw/okinawa/A4701/A470101/47025361/,安里車站,"中國菜, 飲茶・點心","JPY 1,000～JPY 1,999",-,星期一、星期二
61,3.65,MARALUNGA,https://tabelog.com/tw/okinawa/A4705/A470503/47007277/,,"鐵板燒, 創作料理","JPY 20,000～JPY 29,999",-,-
62,3.64,Sumibi Yakiniku Yamamoto,https://tabelog.com/tw/okinawa/A4705/A470501/47001010/,,"燒肉, 烤內臟","JPY 6,000～JPY 7,999",-,-
63,3.64,Ryukyu Meika Mitsuya,https://tabelog.com/tw/okinawa/A4702/A470201/47000741/,,甜甜圈,-,～JPY 999,-
64,3.64,Waryu Ryori Sarii,https://tabelog.com/tw/okinawa/A4701/A470101/47018720/,美榮橋車站,"沖繩料理, 創作料理","JPY 8,000～JPY 9,999",-,星期日
65,3.64,Izakaya Deiriguchi Shimosatodori Ten,https://tabelog.com/tw/okinawa/A4705/A470503/47028942/,,"日式小酒館, 沖繩料理","JPY 3,000～JPY 3,999",-,星期二
66,3.64,Maison de Fujii,https://tabelog.com/tw/okinawa/A4701/A470101/47024751/,美榮橋車站,法式料理,"JPY 10,000～JPY 14,999","JPY 8,000～JPY 9,999",-
67,3.64,Shima Italian en,https://tabelog.com/tw/okinawa/A4705/A470502/47017977/,,"義大利料理, 義大利麵, 牛排","JPY 3,000～JPY 3,999",-,星期六、星期日
68,3.64,Hateruma,https://tabelog.com/tw/okinawa/A4705/A470502/47009271/,,沖繩料理,"JPY 6,000～JPY 7,999",-,星期日
69,3.63,Ryuhin Onna No Eki,https://tabelog.com/tw/okinawa/A4703/A470303/47005407/,,"剉冰, 水果聖代, 意式冰淇淋/冰淇淋","JPY 1,000～JPY 1,999","JPY 1,000～JPY 1,999",-
70,3.63,Yanbaru Dining Matsu no Kominka,https://tabelog.com/tw/okinawa/A4702/A470201/47014042/,,"豬肉涮涮鍋, 沖繩料理, 日式小酒館","JPY 5,000～JPY 5,999",-,-
71,3.63,Steak Restaurant Papoiya,https://tabelog.com/tw/okinawa/A4705/A470501/47001667/,,牛排,"JPY 10,000～JPY 14,999","JPY 10,000～JPY 14,999",星期日
72,3.63,Kato Shokudo,https://tabelog.com/tw/okinawa/A4703/A470404/47002382/,浦添前田車站,"法式料理, 法式小酒館, 洋酒吧","JPY 10,000～JPY 14,999",-,星期三
73,3.63,PASTAIONE OKINAWA,https://tabelog.com/tw/okinawa/A4701/A470101/47030584/,縣政府前車站,義大利料理,"JPY 8,000～JPY 9,999",-,-
74,3.63,Isuke,https://tabelog.com/tw/okinawa/A4701/A470101/47014248/,美榮橋車站,"壽司, 海鮮, 日本料理","JPY 20,000～JPY 29,999",-,星期一、星期日
75,3.63,Shima Cuisine Asun,https://tabelog.com/tw/okinawa/A4701/A470103/47027297/,小祿車站,"法式料理, 咖啡店","JPY 8,000～JPY 9,999","JPY 2,000～JPY 2,999",星期一、星期日
76,3.63,Sushi Yasaka,https://tabelog.com/tw/okinawa/A4701/A470101/47023359/,旭橋車站,"壽司, 海鮮, 日本料理","JPY 10,000～JPY 14,999",-,星期日
77,3.63,Shunsai Kokabu Tei,https://tabelog.com/tw/okinawa/A4701/A470101/47020369/,美榮橋車站,"日本料理, 海鮮","JPY 10,000～JPY 14,999","JPY 3,000～JPY 3,999",星期日
78,3.63,Ito Guruma,https://tabelog.com/tw/okinawa/A4701/A470101/47001446/,美榮橋車站,沖繩料理,"JPY 4,000～JPY 4,999",-,星期日
79,3.63,Nubia,https://tabelog.com/tw/okinawa/A4701/A470101/47025687/,牧志車站,"義大利料理, 洋酒吧","JPY 10,000～JPY 14,999",-,-
80,3.63,Muni,https://tabelog.com/tw/okinawa/A4701/A470101/47030606/,美榮橋車站,壽司,"JPY 40,000～JPY 49,999",-,-
81,3.62,Hawaiian Pancakes House Paanilani,https://tabelog.com/tw/okinawa/A4703/A470303/47011309/,,"咖啡店, 鬆餅, 夏威夷料理",-,"JPY 1,000～JPY 1,999",-
82,3.62,Rikko Gelato,https://tabelog.com/tw/okinawa/A4705/A470503/47007314/,,"意式冰淇淋/冰淇淋, 咖啡店","JPY 1,000～JPY 1,999",～JPY 999,星期二、星期三
83,3.62,Bueno Chicken Urasoe Ten,https://tabelog.com/tw/okinawa/A4703/A470404/47029534/,古島車站,"中南美料理, 雞肉料理, 小菜","JPY 1,000～JPY 1,999","JPY 1,000～JPY 1,999",星期一、星期日
84,3.62,Agu Shabushabu Miruku Naha Ten,https://tabelog.com/tw/okinawa/A4701/A470101/47025053/,縣政府前車站,"豬肉涮涮鍋, 壽喜燒","JPY 6,000～JPY 7,999",-,-
85,3.62,STAND EIBUN,https://tabelog.com/tw/okinawa/A4701/A470101/47029893/,牧志車站,沖繩麵,-,"JPY 1,000～JPY 1,999",-
86,3.62,ha-na,https://tabelog.com/tw/okinawa/A4701/A470101/47002345/,美榮橋車站,"義大利料理, 義大利麵",-,-,-
87,3.62,LITOR,https://tabelog.com/tw/okinawa/A4701/A470101/47030459/,縣政府前車站,"漢堡, 咖啡店, 酒吧","JPY 3,000～JPY 3,999","JPY 1,000～JPY 1,999",-
88,3.62,Mozuku Menya Ntsubata,https://tabelog.com/tw/okinawa/A4705/A470503/47028915/,,蕎麥麵,-,～JPY 999,星期日
89,3.62,Kuninda,https://tabelog.com/tw/okinawa/A4701/A470101/47031209/,縣政府前車站,沖繩料理,"JPY 8,000～JPY 9,999","JPY 3,000～JPY 3,999",-
90,3.62,osteria due,https://tabelog.com/tw/okinawa/A4701/A470101/47029296/,牧志車站,義大利料理,"JPY 8,000～JPY 9,999","JPY 1,000～JPY 1,999",星期一
91,3.62,Gyushin,https://tabelog.com/tw/okinawa/A4705/A470501/47021364/,,燒肉,"JPY 8,000～JPY 9,999",-,-
92,3.62,La BOMBANCE Kori Jima,https://tabelog.com/tw/okinawa/A4702/A470202/47028361/,,創作料理,"JPY 20,000～JPY 29,999","JPY 6,000～JPY 7,999",-
93,3.62,Yukui Dokoro Ishidatami,https://tabelog.com/tw/okinawa/A4701/A470101/47001464/,儀保車站,"沖繩料理, 沖繩麵","JPY 4,000～JPY 4,999",-,-
94,3.62,SAKUMOTO,https://tabelog.com/tw/okinawa/A4701/A470101/47001504/,縣政府前車站,法式料理,"JPY 20,000～JPY 29,999",-,星期一、星期二、星期三、星期四、星期日、節假日、節假日...
95,3.61,Nakayukui Shoten,https://tabelog.com/tw/okinawa/A4705/A470503/47015994/,,"天婦羅, 剉冰, 咖啡店",～JPY 999,～JPY 999,星期一、星期四
96,3.61,Mutou,https://tabelog.com/tw/okinawa/A4701/A470101/47002767/,美榮橋車站,日式小酒館,"JPY 4,000～JPY 4,999",-,星期日
97,3.61,Refuge,https://tabelog.com/tw/okinawa/A4701/A470101/47012608/,安里車站,"法式小酒館, 法式料理, 日式小酒館","JPY 2,000～JPY 2,999",-,星期二、星期三
98,3.61,Kitchen Hikaru,https://tabelog.com/tw/okinawa/A4701/A470101/47027054/,縣政府前車站,"海鮮, 日式小酒館, 沖繩料理","JPY 5,000～JPY 5,999",-,星期日
99,3.61,Aso,https://tabelog.com/tw/okinawa/A4701/A470101/47003786/,縣政府前車站,食堂,-,"JPY 3,000～JPY 3,999",星期六、星期日
100,3.61,Warren’s Place 2.1 Burgers & Beer,https://tabelog.com/tw/okinawa/A4702/A470201/47028223/,,漢堡,-,"JPY 1,000～JPY 1,999",星期四
101,3.61,BAR Waka,https://tabelog.com/tw/okinawa/A4701/A470101/47011343/,美榮橋車站,酒吧,"JPY 3,000～JPY 3,999",-,星期日
102,3.61,Bar Accord,https://tabelog.com/tw/okinawa/A4701/A470101/47001779/,旭橋車站,酒吧,"JPY 3,000～JPY 3,999",-,星期日
103,3.61,Yomitan Ishigama Pizza Sakaba Maruki,https://tabelog.com/tw/okinawa/A4703/A470304/47013811/,,"義大利料理, 披薩, 義大利麵","JPY 4,000～JPY 4,999",-,星期二、星期日
104,3.61,Steak & Seafood Shisuku Grill,https://tabelog.com/tw/okinawa/A4702/A470202/47026749/,,"牛排, 海鮮","JPY 15,000～JPY 19,999",-,-
105,3.61,Yocchan Tei,https://tabelog.com/tw/okinawa/A4701/A470101/47026134/,安里車站,"法式小酒館, 餐飲酒館","JPY 10,000～JPY 14,999",-,-
106,3.60,Itoman Gyomin Shokudo,https://tabelog.com/tw/okinawa/A4704/A470402/47012172/,,食堂,"JPY 2,000～JPY 2,999","JPY 1,000～JPY 1,999",星期二
107,3.60,Shuri Horikawa,https://tabelog.com/tw/okinawa/A4701/A470102/47000466/,儀保車站,"沖繩麵, 沖繩料理, 餐廳",-,～JPY 999,星期四
108,3.60,Taira Shoten,https://tabelog.com/tw/okinawa/A4705/A470501/47013932/,,"沖繩麵, 食堂, 便當","JPY 1,000～JPY 1,999",～JPY 999,星期六、星期日、節假日
109,3.60,Heki Kokusaidori Matsuo Ten,https://tabelog.com/tw/okinawa/A4701/A470101/47000141/,縣政府前車站,"鐵板燒, 牛排","JPY 6,000～JPY 7,999","JPY 4,000～JPY 4,999",星期四
110,3.60,Tortilla,https://tabelog.com/tw/okinawa/A4703/A470404/47013964/,浦添前田車站,塔可,～JPY 999,～JPY 999,星期二、星期三
111,3.60,mintama,https://tabelog.com/tw/okinawa/A4703/A470304/47001302/,,"義大利料理, 創作料理","JPY 2,000～JPY 2,999","JPY 1,000～JPY 1,999",-
112,3.60,Tsurusen,https://tabelog.com/tw/okinawa/A4701/A470101/47017306/,牧志車站,日式小酒館,"JPY 4,000～JPY 4,999",-,星期日
113,3.60,Hitoshizuku,https://tabelog.com/tw/okinawa/A4703/A470304/47003255/,,日本料理,"JPY 4,000～JPY 4,999","JPY 1,000～JPY 1,999",-
114,3.60,mitsuhisahonke,https://tabelog.com/tw/okinawa/A4701/A470101/47032504/,縣政府前車站,"涮涮鍋, 沖繩料理","JPY 8,000～JPY 9,999",-,-
115,3.60,Niku Baru Tooru,https://tabelog.com/tw/okinawa/A4701/A470101/47019154/,牧志車站,"餐吧, 肉品餐吧","JPY 1,000～JPY 1,999","JPY 1,000～JPY 1,999",星期二
116,3.60,Agu Buta Shabushabu Senmon Ten Ocean Boo! Kokusaidori Ten,https://tabelog.com/tw/okinawa/A4701/A470101/47031947/,牧志車站,"涮涮鍋, 豬肉涮涮鍋, 日式小酒館","JPY 4,000～JPY 4,999","JPY 2,000～JPY 2,999",-
117,3.60,Yakitori Ichiha,https://tabelog.com/tw/okinawa/A4701/A470101/47028216/,美榮橋車站,"烤雞肉串, 日式小酒館","JPY 10,000～JPY 14,999",-,星期日
118,3.60,Chinese Sai Yoshi,https://tabelog.com/tw/okinawa/A4701/A470101/47028739/,美榮橋車站,"中國菜, 飲茶・點心, 餐吧","JPY 5,000～JPY 5,999",-,-
119,3.59,Yunangii,https://tabelog.com/tw/okinawa/A4701/A470101/47000017/,縣政府前車站,"沖繩料理, 日式小酒館, 沖繩麵","JPY 3,000～JPY 3,999",～JPY 999,-
120,3.59,Milmil Honpo Hon Ten,https://tabelog.com/tw/okinawa/A4705/A470501/47007692/,,"意式冰淇淋/冰淇淋, 咖啡店, 漢堡",-,"JPY 1,000～JPY 1,999",-
121,3.59,Milmil Honpo Ishigaki Kuko Ten,https://tabelog.com/tw/okinawa/A4705/A470501/47012455/,,"意式冰淇淋/冰淇淋, 咖啡店, 漢堡",-,"JPY 1,000～JPY 1,999",-
122,3.59,Sayoko no Mise,https://tabelog.com/tw/okinawa/A4705/A470501/47001012/,,"甜甜圈, 剉冰",-,-,-
123,3.59,Sumibi Yakiniku Ishigaki An,https://tabelog.com/tw/okinawa/A4705/A470501/47019838/,,燒肉,"JPY 5,000～JPY 5,999","JPY 1,000～JPY 1,999",-
124,3.59,Funakura no Sato,https://tabelog.com/tw/okinawa/A4705/A470501/47000981/,,"沖繩料理, 日本料理, 咖啡店","JPY 6,000～JPY 7,999",-,-
125,3.59,Gokarna,https://tabelog.com/tw/okinawa/A4701/A470101/47009029/,縣政府前車站,"咖喱, 印度咖哩, 南亞料理",～JPY 999,"JPY 1,000～JPY 1,999",-
126,3.59,Teppanyaki Sawafuji,https://tabelog.com/tw/okinawa/A4701/A470101/47011120/,美榮橋車站,"鐵板燒, 牛排, 沖繩料理","JPY 8,000～JPY 9,999",-,-
127,3.59,Ishigaki Gyu MARU,https://tabelog.com/tw/okinawa/A4705/A470501/47006701/,,燒肉,"JPY 6,000～JPY 7,999",-,-
128,3.59,Fukugiya Kokusaidori Ten,https://tabelog.com/tw/okinawa/A4701/A470101/47009394/,縣政府前車站,年輪蛋糕,"JPY 1,000～JPY 1,999",-,-
129,3.59,Kushiyaki Adan Hon Ten,https://tabelog.com/tw/okinawa/A4701/A470101/47002061/,安里車站,"串燒, 烤雞肉串, 日式小酒館","JPY 3,000～JPY 3,999",-,-
130,3.59,Tsuchi Kaoru,https://tabelog.com/tw/okinawa/A4701/A470101/47013016/,美榮橋車站,"沖繩料理, 日式小酒館, 牛排","JPY 6,000～JPY 7,999",-,星期一
131,3.59,Chillri,https://tabelog.com/tw/okinawa/A4701/A470101/47017356/,牧志車站,冷麵,"JPY 2,000～JPY 2,999",～JPY 999,星期四
132,3.59,PIZZERIA IL TRECORDE,https://tabelog.com/tw/okinawa/A4705/A470501/47019152/,,"義大利料理, 餐飲酒館, 日式小酒館","JPY 2,000～JPY 2,999",～JPY 999,星期日
133,3.59,Kawaji Hon Ten,https://tabelog.com/tw/okinawa/A4701/A470101/47000617/,美榮橋車站,"壽司, 日本料理","JPY 15,000～JPY 19,999",-,星期日
134,3.59,Ryutan,https://tabelog.com/tw/okinawa/A4702/A470201/47000298/,,"鐵板燒, 牛排","JPY 20,000～JPY 29,999",-,星期三
135,3.59,Teppanyaki Asahi,https://tabelog.com/tw/okinawa/A4702/A470201/47019810/,,"鐵板燒, 牛排, 牛肉料理","JPY 4,000～JPY 4,999",-,星期四
136,3.59,takos senmonten Mexico Chatan Ten,https://tabelog.com/tw/okinawa/A4703/A470304/47032070/,,塔可,-,～JPY 999,星期三、星期四
137,3.59,Kumo Zaki,https://tabelog.com/tw/okinawa/A4701/A470101/47024191/,縣政府前車站,"日式小酒館, 天婦羅, 日本料理","JPY 3,000～JPY 3,999",～JPY 999,星期日
138,3.59,rokusho.,https://tabelog.com/tw/okinawa/A4705/A470501/47026846/,,法式小酒館,"JPY 5,000～JPY 5,999",-,星期日
139,3.59,Tan Tei,https://tabelog.com/tw/okinawa/A4701/A470102/47001515/,儀保車站,"沖繩料理, 日本料理, 有機食材","JPY 20,000～JPY 29,999","JPY 6,000～JPY 7,999",星期一
140,3.59,Hoshinoya Okinawa Dining,https://tabelog.com/tw/okinawa/A4703/A470304/47029611/,,"義大利料理, 沖繩料理, 創新","JPY 20,000～JPY 29,999",-,-
141,3.59,MILANO Ryukyu Hoteru&Rizoto Najo Bichi,https://tabelog.com/tw/okinawa/A4704/A470402/47029729/,,"法式料理, 創新","JPY 10,000～JPY 14,999",-,-
142,3.59,GLOUTON SHURI,https://tabelog.com/tw/okinawa/A4701/A470101/47031248/,Omoromachi車站,法式料理,"JPY 15,000～JPY 19,999",-,星期三
143,3.58,Cafe Kurukuma,https://tabelog.com/tw/okinawa/A4704/A470403/47000018/,,"咖啡店, 泰式料理, 咖喱",-,"JPY 1,000～JPY 1,999",星期三
144,3.58,Nanapiito Honpo,https://tabelog.com/tw/okinawa/A4705/A470501/47004126/,,"咖啡店, 甜點, 便當",～JPY 999,～JPY 999,-
145,3.58,BLUE SEAL Chatan Ten,https://tabelog.com/tw/okinawa/A4703/A470304/47000118/,,"意式冰淇淋/冰淇淋, 咖啡店, 漢堡",～JPY 999,～JPY 999,-
146,3.58,Nakijin Soba,https://tabelog.com/tw/okinawa/A4702/A470202/47016234/,,沖繩麵,-,～JPY 999,-
147,3.58,Okinawa Soba Nakaza Ya,https://tabelog.com/tw/okinawa/A4701/A470103/47027747/,小祿車站,沖繩麵,-,"JPY 1,000～JPY 1,999",星期一
148,3.58,Yomitan Monogatari,https://tabelog.com/tw/okinawa/A4703/A470304/47000910/,,"沖繩料理, 創作料理, 餐飲酒館","JPY 4,000～JPY 4,999",-,星期日
149,3.58,Fukurou Tei,https://tabelog.com/tw/okinawa/A4701/A470101/47001928/,美榮橋車站,"沖繩料理, 日式小酒館","JPY 4,000～JPY 4,999",-,星期一
150,3.58,Nikuya Shokudo in Henza,https://tabelog.com/tw/okinawa/A4703/A470302/47023189/,,"牛肉料理, 食堂","JPY 3,000～JPY 3,999","JPY 3,000～JPY 3,999",星期四
151,3.58,Oshokuji Dokoro Chanya~,https://tabelog.com/tw/okinawa/A4702/A470203/47028103/,,"沖繩料理, 豬肉涮涮鍋","JPY 8,000～JPY 9,999",-,-
152,3.58,Cucina Serale,https://tabelog.com/tw/okinawa/A4703/A470303/47022924/,,義大利料理,"JPY 5,000～JPY 5,999",-,-
153,3.58,Nashiro Dining,https://tabelog.com/tw/okinawa/A4704/A470402/47029552/,,西式自助餐,-,"JPY 4,000～JPY 4,999",-
154,3.58,Kobe Bar Nakanaka,https://tabelog.com/tw/okinawa/A4701/A470101/47004785/,美榮橋車站,"牛排, 餐飲酒館","JPY 8,000～JPY 9,999",-,星期日
155,3.58,Yakiniku Ryuumon,https://tabelog.com/tw/okinawa/A4701/A470101/47031138/,美榮橋車站,燒肉,"JPY 8,000～JPY 9,999",-,-
156,3.57,Kajin Hou,https://tabelog.com/tw/okinawa/A4702/A470202/47000232/,,"披薩, 咖啡店, 喫茶店",-,"JPY 1,000～JPY 1,999",星期二、星期三
157,3.57,Utopia Farm Miyakojima,https://tabelog.com/tw/okinawa/A4705/A470503/47001588/,,"水果聖代, 霜淇淋, 果汁吧攤",-,～JPY 999,星期日
158,3.57,HOUSE WITHOUT A KEY,https://tabelog.com/tw/okinawa/A4703/A470303/47024414/,,餐廳,"JPY 10,000～JPY 14,999","JPY 5,000～JPY 5,999",-
159,3.57,Aragaki Zenzai Ya,https://tabelog.com/tw/okinawa/A4702/A470202/47000155/,,剉冰,-,～JPY 999,星期一
160,3.57,Mitsuya Honpo Onna No Eki Nakayukui Ichiba Ten,https://tabelog.com/tw/okinawa/A4703/A470303/47004517/,,甜甜圈,～JPY 999,-,-
161,3.57,Parlor Papaya,https://tabelog.com/tw/okinawa/A4705/A470501/47002411/,,"果汁吧攤, 咖啡店, 沖繩料理",～JPY 999,～JPY 999,-
162,3.57,Ara Koya,https://tabelog.com/tw/okinawa/A4701/A470101/47011365/,安里車站,"烤雞雜串, 串燒, 豬肉料理","JPY 3,000～JPY 3,999",-,-
163,3.57,Shimabuta Ishiyaki San,https://tabelog.com/tw/okinawa/A4701/A470101/47005508/,美榮橋車站,"豬肉涮涮鍋, 燒肉, 沖繩料理","JPY 6,000～JPY 7,999",-,-
164,3.57,Kichi Ya,https://tabelog.com/tw/okinawa/A4701/A470101/47013688/,縣政府前車站,"日式小酒館, 日本酒","JPY 4,000～JPY 4,999",-,-
165,3.57,Ishigakijima Sumibiyaki Gyugushi & Horumon Fujita,https://tabelog.com/tw/okinawa/A4705/A470501/47028500/,,"日式小酒館, 烤內臟, 燒肉","JPY 5,000～JPY 5,999",-,星期二
166,3.57,Wine Shokudo Trunk Italian Gohan Kumoji Ten,https://tabelog.com/tw/okinawa/A4701/A470101/47004717/,縣政府前車站,"義大利料理, 洋酒吧, 日式小酒館","JPY 4,000～JPY 4,999",-,星期一、星期二、星期三
167,3.57,Shima Ryouri Yafayafa,https://tabelog.com/tw/okinawa/A4705/A470501/47024108/,,"日式小酒館, 沖繩料理","JPY 3,000～JPY 3,999",-,星期日
168,3.57,Ryukyu Shabushabu Yutaka,https://tabelog.com/tw/okinawa/A4701/A470101/47011878/,縣政府前車站,"日式小酒館, 豬肉涮涮鍋, 郷土料理","JPY 5,000～JPY 5,999",-,星期一
169,3.57,Ryugu,https://tabelog.com/tw/okinawa/A4705/A470503/47002002/,,創作料理,"JPY 8,000～JPY 9,999",-,星期二
170,3.57,MAKAN MAKAN,https://tabelog.com/tw/okinawa/A4703/A470302/47001262/,,"中國菜, 飲茶・點心","JPY 6,000～JPY 7,999","JPY 3,000～JPY 3,999",-
171,3.57,Shima Italian Iyu,https://tabelog.com/tw/okinawa/A4705/A470501/47002029/,,義大利料理,"JPY 6,000～JPY 7,999",-,星期二
172,3.57,Oono Shoten,https://tabelog.com/tw/okinawa/A4705/A470501/47015176/,,"燒肉, 烤內臟","JPY 4,000～JPY 4,999",-,星期日
173,3.57,Sushi Dokoro Motoi,https://tabelog.com/tw/okinawa/A4701/A470101/47000306/,旭橋車站,壽司,"JPY 30,000～JPY 39,999",-,星期日、節假日
174,3.57,Shabushabu Morishima,https://tabelog.com/tw/okinawa/A4705/A470501/47028532/,,"涮涮鍋, 豬肉涮涮鍋, 日式小酒館","JPY 6,000～JPY 7,999",-,星期日
175,3.57,Maeda,https://tabelog.com/tw/okinawa/A4701/A470101/47014692/,縣政府前車站,沖繩料理,"JPY 10,000～JPY 14,999",-,星期日、節假日
176,3.57,Satoukibi,https://tabelog.com/tw/okinawa/A4705/A470502/47025025/,,沖繩料理,"JPY 3,000～JPY 3,999",-,-
177,3.57,YAKISHIN,https://tabelog.com/tw/okinawa/A4701/A470101/47031984/,美榮橋車站,烤雞肉串,"JPY 15,000～JPY 19,999",-,星期日
178,3.56,Shima Yasai Cafe Re:Hellow BEACH,https://tabelog.com/tw/okinawa/A4705/A470501/47007246/,,"咖啡店, 漢堡, 蛋糕","JPY 1,000～JPY 1,999","JPY 1,000～JPY 1,999",-
179,3.56,Yagi Ryori Sakae,https://tabelog.com/tw/okinawa/A4701/A470101/47000334/,牧志車站,"沖繩料理, 肉類料理, 日式小酒館","JPY 2,000～JPY 2,999",-,-
180,3.56,Jimanya Naha Ten,https://tabelog.com/tw/okinawa/A4701/A470101/47009534/,美榮橋車站,"日式小酒館, 沖繩料理, 涮涮鍋","JPY 3,000～JPY 3,999","JPY 1,000～JPY 1,999",-
181,3.56,Irabu Soba Kame,https://tabelog.com/tw/okinawa/A4705/A470503/47013937/,,沖繩麵,-,～JPY 999,-
182,3.56,Ryukyu Meika Mitsuya Honpo Onna Ten,https://tabelog.com/tw/okinawa/A4703/A470303/47000361/,,"甜甜圈, 咖啡店",～JPY 999,～JPY 999,-
183,3.56,Naha Soba Dokoro Takaramachi Ga,https://tabelog.com/tw/okinawa/A4701/A470103/47027859/,赤嶺車站,"沖繩麵, 沖繩料理",～JPY 999,～JPY 999,-
184,3.56,Tsumande Nomeru Miyako Parlor Haisai!,https://tabelog.com/tw/okinawa/A4705/A470503/47029115/,,"日式小酒館, 沖繩料理, 海鮮","JPY 4,000～JPY 4,999",-,-
185,3.56,Yan Gwa,https://tabelog.com/tw/okinawa/A4706/A470601/47001595/,,沖繩麵,-,"JPY 1,000～JPY 1,999",星期三、星期日
186,3.56,soraniwa hotel and cafe,https://tabelog.com/tw/okinawa/A4705/A470503/47009290/,,"旅館, 咖啡店",-,"JPY 1,000～JPY 1,999",星期三
187,3.56,Miyako Gyu Yakiniku Tamashiro,https://tabelog.com/tw/okinawa/A4705/A470503/47026386/,,"燒肉, 烤內臟","JPY 8,000～JPY 9,999",-,-
188,3.56,Menya Marusho,https://tabelog.com/tw/okinawa/A4703/A470302/47020418/,,沖繩麵,-,"JPY 1,000～JPY 1,999",星期四、星期五
189,3.56,Shima Gohan Attakaya,https://tabelog.com/tw/okinawa/A4705/A470503/47027526/,,"食堂, 沖繩麵, 海鮮","JPY 3,000～JPY 3,999",-,星期一、星期二
190,3.56,Sumibi Yakitori Torijin Naha Ten,https://tabelog.com/tw/okinawa/A4701/A470101/47028007/,牧志車站,"烤雞肉串, 日式小酒館","JPY 5,000～JPY 5,999",-,星期三
191,3.56,Miru Taiyo,https://tabelog.com/tw/okinawa/A4705/A470503/47015071/,,"日式小酒館, 沖繩料理, 海鮮","JPY 5,000～JPY 5,999",-,星期四
192,3.56,Heiwa En,https://tabelog.com/tw/okinawa/A4701/A470101/47000241/,旭橋車站,"燒肉, 韓國料理","JPY 8,000～JPY 9,999",-,星期二、星期三
193,3.56,Shima Oden Ebisu,https://tabelog.com/tw/okinawa/A4705/A470503/47030333/,,"日式小酒館, 關東煮, 沖繩料理","JPY 3,000～JPY 3,999",-,星期日
194,3.56,SPICE HERB HOLIDAY,https://tabelog.com/tw/okinawa/A4701/A470101/47013164/,美榮橋車站,泰式料理,"JPY 2,000～JPY 2,999",-,星期日
195,3.56,Onna Shokudo,https://tabelog.com/tw/okinawa/A4703/A470303/47015094/,,法式小酒館,"JPY 8,000～JPY 9,999",-,-
196,3.56,La Maison Claire 1853,https://tabelog.com/tw/okinawa/A4701/A470101/47002478/,縣政府前車站,"法式料理, 法式小酒館","JPY 8,000～JPY 9,999","JPY 2,000～JPY 2,999",星期日
197,3.56,Ibukuro,https://tabelog.com/tw/okinawa/A4704/A470403/47016824/,,創作料理,"JPY 10,000～JPY 14,999",-,星期一、星期二
198,3.56,kawamitsu shokudou,https://tabelog.com/tw/okinawa/A4705/A470503/47029444/,,"食堂, 沖繩料理","JPY 5,000～JPY 5,999","JPY 2,000～JPY 2,999",星期一
199,3.56,Miyahira Ryori Ten,https://tabelog.com/tw/okinawa/A4703/A470404/47027971/,,法式小酒館,"JPY 5,000～JPY 5,999",-,星期三、星期日
